Date,rv_21,lstm_forecast
2020-09-28,0.0155893058727638,0.014979366
2020-09-29,0.0154753199544621,0.0155216325
2020-09-30,0.0156481916978738,0.015472256
2020-10-01,0.0155889315800708,0.015568124
2020-10-02,0.0151506922762708,0.015529194
2020-10-05,0.0138479245145898,0.015067315
2020-10-06,0.0140665554363238,0.013691702
2020-10-07,0.0131308778472702,0.013715918
2020-10-08,0.012524007546413,0.012935222
2020-10-09,0.0118957809298476,0.012176479
2020-10-12,0.0122932821762376,0.011511424
2020-10-13,0.0122203432605477,0.01186082
2020-10-14,0.0123270861349081,0.011925128
2020-10-15,0.0122720998304502,0.012010943
2020-10-16,0.0120705023894313,0.011990674
2020-10-19,0.0124009966879496,0.011810428
2020-10-20,0.0120418513791277,0.012123899
2020-10-21,0.0119289179116731,0.011871406
2020-10-22,0.0103855210131241,0.01169352
2020-10-23,0.0103857774327484,0.01021159
2020-10-26,0.0109911497616389,0.009967675
2020-10-27,0.0105072899357452,0.010661179
2020-10-28,0.0131599960504232,0.01033992
2020-10-29,0.013310434293813,0.012747587
2020-10-30,0.0134600674062597,0.013397746
2020-11-02,0.013651725319553,0.013423232
2020-11-03,0.0136403151842027,0.0135777155
2020-11-04,0.0141017305853301,0.013615751
2020-11-05,0.0142237426250394,0.014056308
2020-11-06,0.0141424061465173,0.014236252
2020-11-09,0.0142363581437911,0.014119028
2020-11-10,0.013803243361813,0.014154182
2020-11-11,0.0138115096247351,0.013731724
2020-11-12,0.0139221962955587,0.013643315
2020-11-13,0.014188835805619,0.013766574
2020-11-16,0.0143577754680226,0.014040672
2020-11-17,0.0138270034786945,0.01422816
2020-11-18,0.0141507328469419,0.0137051195
2020-11-19,0.0141296935756919,0.013913396
2020-11-20,0.014235850583283,0.013990732
2020-11-23,0.0142592985074534,0.014079169
2020-11-24,0.0137989669886917,0.014107667
2020-11-25,0.0137700613354607,0.013651692
2020-11-27,0.0104616063372537,0.013542371
2020-11-30,0.0105432346918438,0.010342989
2020-12-01,0.0099328790761763,0.009877976
2020-12-02,0.0098341300648989,0.009551856
2020-12-03,0.0094510729682048,0.009414339
2020-12-04,0.0086171018507114,0.009050824
2020-12-07,0.0078760594639669,0.008224279
2020-12-08,0.0078521211589526,0.0074387505
2020-12-09,0.0078838278641577,0.0073829787
2020-12-10,0.0078816724313192,0.007505468
2020-12-11,0.0077811293324306,0.007553649
2020-12-14,0.0074645093539116,0.0074814325
2020-12-15,0.0074108825220025,0.007194065
2020-12-16,0.0070390508211882,0.0071186037
2020-12-17,0.0069828493075434,0.006805419
2020-12-18,0.0064239570425115,0.006710779
2020-12-21,0.0065242838858898,0.006214891
2020-12-22,0.006301106189103,0.0062246514
2020-12-23,0.006239167098169,0.006075678
2020-12-24,0.0053073723620732,0.0059921746
2020-12-28,0.00553722163388,0.0051401816
2020-12-29,0.0055860596647025,0.005194379
2020-12-30,0.0054283412665226,0.005339783
2020-12-31,0.0050868249783889,0.005223916
2021-01-04,0.0061729317659631,0.004880474
2021-01-05,0.0063341528572906,0.0058215177
2021-01-06,0.0061717174327459,0.0062051867
2021-01-07,0.0068597176669859,0.006050825
2021-01-08,0.0069114513941426,0.00662212
2021-01-11,0.0068208111583455,0.0068103364
2021-01-12,0.0067946687552676,0.0067103896
2021-01-13,0.0067613114992079,0.006646308
2021-01-14,0.0067345174483813,0.0066093337
2021-01-15,0.006523645751337,0.006576613
2021-01-19,0.0067077497040044,0.006370514
2021-01-20,0.0071945144597125,0.006494752
2021-01-21,0.007105544498705,0.006984149
2021-01-22,0.0070719749782993,0.0069837836
2021-01-25,0.0070227503858143,0.0069021336
2021-01-26,0.0070615081995209,0.0068418696
2021-01-27,0.0093249936700432,0.0068743275
2021-01-28,0.0093721121527527,0.00898854
2021-01-29,0.0103454504509646,0.009455584
2021-02-01,0.010924750389736,0.010250836
2021-02-02,0.0112380747999436,0.010920426
2021-02-03,0.0106440958999422,0.011273749
2021-02-04,0.0107697375867014,0.010700548
2021-02-05,0.0107444304225835,0.0106629515
2021-02-08,0.010413677083944,0.010673615
2021-02-09,0.0103832894549481,0.010332172
2021-02-10,0.0102420623811442,0.010209354
2021-02-11,0.0102399126280626,0.010065791
2021-02-12,0.0102636701182694,0.010031802
2021-02-16,0.0102047683594211,0.010051284
2021-02-17,0.0100130387730459,0.00999605
2021-02-18,0.0100055438549901,0.009799651
2021-02-19,0.0096099108471885,0.00976325
2021-02-22,0.0097850483720693,0.009403722
2021-02-23,0.0097572904728063,0.009507487
2021-02-24,0.0100202665237704,0.0095406305
2021-02-25,0.0114765657440565,0.009786556
2021-02-26,0.0099231922673613,0.011219232
2021-03-01,0.0109494628971614,0.0099938875
2021-03-02,0.010111689046341,0.010595516
2021-03-03,0.0100946365559585,0.010054836
2021-03-04,0.0100645179272548,0.009868244
2021-03-05,0.0109733454181117,0.009857134
2021-03-08,0.0107538588619999,0.010731743
2021-03-09,0.0111872572192775,0.010681296
2021-03-10,0.0111454586067148,0.010991004
2021-03-11,0.011376671639798,0.01102207
2021-03-12,0.0113764410182004,0.011220181
2021-03-15,0.0114511504033346,0.011254715
2021-03-16,0.0114215677946622,0.011308735
2021-03-17,0.0114326411617807,0.011282439
2021-03-18,0.011915562317425,0.0112765
2021-03-19,0.0118767981978689,0.011736493
2021-03-22,0.0119649055025488,0.0117782
2021-03-23,0.0119614153743824,0.01181568
2021-03-24,0.0120279548280735,0.011814239
2021-03-25,0.0118168199923971,0.011872183
2021-03-26,0.0109211344914053,0.011674805
2021-03-29,0.0108373999656444,0.010763166
2021-03-30,0.0096868997463893,0.01053312
2021-03-31,0.0094902242986391,0.009479466
2021-04-01,0.0091512074381015,0.0091110235
2021-04-05,0.0087337594318721,0.008825286
2021-04-06,0.008020459146994,0.008409702
2021-04-07,0.0078082667759121,0.007692485
2021-04-08,0.007403846103066,0.0074114534
2021-04-09,0.0074508615992112,0.0070669847
2021-04-12,0.0072650748658927,0.0070858486
2021-04-13,0.0072630450964702,0.0069671585
2021-04-14,0.007327991091689,0.0069572693
2021-04-15,0.0075481440045539,0.007046234
2021-04-16,0.0075519415578099,0.0072868
2021-04-19,0.0066945604528117,0.0073448475
2021-04-20,0.0069896034826485,0.006549889
2021-04-21,0.0070772924132941,0.0066701593
2021-04-22,0.0072017280857388,0.0068616727
2021-04-23,0.0071614827666507,0.0070030405
2021-04-26,0.007157889816884,0.0069758515
2021-04-27,0.0065144000246317,0.006957075
2021-04-28,0.0065138243915233,0.006364928
2021-04-29,0.0064431391345386,0.006250787
2021-04-30,0.0068105512822813,0.0062223007
2021-05-03,0.0064691213936007,0.006564251
2021-05-04,0.0060812908414877,0.0063198665
2021-05-05,0.0060650284128908,0.0058816536
2021-05-06,0.006257515341957,0.0058079883
2021-05-07,0.006364427967161,0.0060168165
2021-05-10,0.0067141528082903,0.00616534
2021-05-11,0.0070200757484588,0.00649852
2021-05-12,0.0084531339806378,0.0068384
2021-05-13,0.0088763097820018,0.008206941
2021-05-14,0.0091479544422093,0.008853102
2021-05-17,0.0091264173153168,0.009105846
2021-05-18,0.0092427088002282,0.009076988
2021-05-19,0.0091462958690829,0.0091568045
2021-05-20,0.0092141358251079,0.009076376
2021-05-21,0.0089787236077027,0.009099824
2021-05-24,0.0089216284258671,0.00887141
2021-05-25,0.0089275902132855,0.008752577
2021-05-26,0.0089366513925823,0.008743541
2021-05-27,0.0089367209135566,0.00874936
2021-05-28,0.0088123929575649,0.008741876
2021-06-01,0.0086609306384966,0.008617621
2021-06-02,0.0086467598298751,0.008450039
2021-06-03,0.0085502124158749,0.0084169675
2021-06-04,0.0087483378626533,0.008336901
2021-06-07,0.0085848443361557,0.008510659
2021-06-08,0.0084310151398993,0.008400195
2021-06-09,0.0081005841722057,0.008218546
2021-06-10,0.0078744301386373,0.007888444
2021-06-11,0.0059181178514845,0.007633653
2021-06-14,0.005458078539885,0.0057954933
2021-06-15,0.0045921170830098,0.005040053
2021-06-16,0.0047374911325718,0.004281622
2021-06-17,0.0042521959377542,0.0043330733
2021-06-18,0.0052176364906019,0.0039767395
2021-06-21,0.005581492356787,0.004785053
2021-06-22,0.0056485452926337,0.0053359196
2021-06-23,0.0052858280805501,0.0054573785
2021-06-24,0.0053705267213383,0.005122846
2021-06-25,0.0053931962571481,0.0051401574
2021-06-28,0.0054012697165454,0.0052102436
2021-06-29,0.0054034149150146,0.00523481
2021-06-30,0.0053931513315771,0.005235229
2021-07-01,0.0054682360996172,0.005223119
2021-07-02,0.0055092258244773,0.005288407
2021-07-06,0.0053228937919354,0.005339456
2021-07-07,0.0053196479768566,0.005172452
2021-07-08,0.0057524835208336,0.0051292763
2021-07-09,0.0061195420810136,0.005530879
2021-07-12,0.0060959572632446,0.0059522223
2021-07-13,0.0061967127298849,0.005977692
2021-07-14,0.0061958829272132,0.0060351933
2021-07-15,0.0062354800149494,0.0060457303
2021-07-16,0.0063674422352868,0.006078016
2021-07-19,0.0073855501928369,0.0062015527
2021-07-20,0.0073538158266073,0.007157159
2021-07-21,0.0069787741155977,0.0073067877
2021-07-22,0.0069308866642665,0.0068917624
2021-07-23,0.0071609842884655,0.006748992
2021-07-26,0.0071059877021553,0.0069730883
2021-07-27,0.0072303771248267,0.006972558
2021-07-28,0.007233870865697,0.007055246
2021-07-29,0.0072592472164953,0.007068684
2021-07-30,0.0074100601230645,0.0070824977
2021-08-02,0.0073729161372291,0.0072209467
2021-08-03,0.0074062962099563,0.007210316
2021-08-04,0.0074773866780545,0.007223145
2021-08-05,0.0075468844338328,0.0072914944
2021-08-06,0.0072358865945133,0.0073669
2021-08-09,0.0068768745802082,0.007084227
2021-08-10,0.0068483214641372,0.0066857017
2021-08-11,0.0067849394851347,0.0066072154
2021-08-12,0.0068240301115811,0.0065696733
2021-08-13,0.0067565781431296,0.0066022202
2021-08-16,0.006457339904413,0.006548964
2021-08-17,0.0054546792652295,0.006260709
2021-08-18,0.0052953380843915,0.0052888
2021-08-19,0.0050221351674267,0.004980822
2021-08-20,0.0052826125283006,0.004766689
2021-08-23,0.0051513074712065,0.004989909
2021-08-24,0.0051407126960271,0.004938597
2021-08-25,0.0049968077392165,0.004903957
2021-08-26,0.0052124945641892,0.0047818446
2021-08-27,0.0054537909798395,0.0049673207
2021-08-30,0.005295079759121,0.005246196
2021-08-31,0.0052808934262126,0.0051485235
2021-09-01,0.0050543723220485,0.0050943103
2021-09-02,0.0048922831998854,0.0048914906
2021-09-03,0.0047913446410554,0.0047099614
2021-09-07,0.0048895160084957,0.004600421
2021-09-08,0.0048972972953176,0.0046831933
2021-09-09,0.005041111661741,0.0047166958
2021-09-10,0.0053560118022827,0.004846315
2021-09-13,0.0053021974036682,0.0051580477
2021-09-14,0.0054385527603907,0.00516417
2021-09-15,0.0057332449730572,0.005262287
2021-09-16,0.0055137531222711,0.005553424
2021-09-17,0.0053571429808527,0.0054047126
2021-09-20,0.0065669041889567,0.0052017868
2021-09-21,0.0062621264863586,0.0062794723
2021-09-22,0.0063396968136868,0.0062395483
2021-09-23,0.0069310667967545,0.0061930986
2021-09-24,0.0069187359439105,0.006731732
2021-09-27,0.0068307588214533,0.0068341093
2021-09-28,0.0078157768125861,0.0067152944
2021-09-29,0.0077335895062939,0.0075882757
2021-09-30,0.0080434137900149,0.007695594
2021-10-01,0.0085734833332501,0.007910797
2021-10-04,0.0088425800485858,0.008434044
2021-10-05,0.0092812982906546,0.008764049
2021-10-06,0.0093698248414781,0.009181351
2021-10-07,0.0096182368367511,0.009306956
2021-10-08,0.009588584600473,0.009515792
2021-10-11,0.0095604193134153,0.009507122
2021-10-12,0.0095336122697449,0.009445955
2021-10-13,0.0095194857094579,0.009397495
2021-10-14,0.0100959825865302,0.009367896
2021-10-15,0.0102364773800878,0.009900589
2021-10-18,0.0100410599618567,0.010128169
2021-10-19,0.009276304048269,0.0099224
2021-10-20,0.0092661503451433,0.0091312
2021-10-21,0.0091095931303192,0.008992358
2021-10-22,0.0088041470269223,0.008894347
2021-10-25,0.0088413765469927,0.008589245
2021-10-26,0.008795427645377,0.008568612
2021-10-27,0.007399119604432,0.00855148
2021-10-28,0.0075827574304796,0.0072406656
2021-10-29,0.0068218621658522,0.0071672406
2021-11-01,0.006558684825607,0.006583549
2021-11-02,0.0054697083320678,0.0062326547
2021-11-03,0.0052812681993015,0.0052211997
2021-11-04,0.0052818660329558,0.004891684
2021-11-05,0.0051615621943804,0.004936226
2021-11-08,0.0050601230856894,0.0048775272
2021-11-09,0.0047663358527075,0.0047823833
2021-11-10,0.0052676870039117,0.004519216
2021-11-11,0.0052978530380552,0.004947966
2021-11-12,0.0043649325613332,0.0051053655
2021-11-15,0.0042497055488765,0.0042621144
2021-11-16,0.0042577574913917,0.003979789
2021-11-17,0.0042112941010834,0.0040190485
2021-11-18,0.004205421366575,0.0040154383
2021-11-19,0.0042487823322119,0.0040070657
2021-11-22,0.0043383685287621,0.0040485985
2021-11-23,0.004272350471852,0.004144583
2021-11-24,0.0042765858406171,0.004106927
2021-11-26,0.0067076902145249,0.00409873
2021-11-29,0.0069737087177047,0.006307901
2021-11-30,0.0081844400909359,0.0070247576
2021-12-01,0.0085378854687698,0.00808066
2021-12-02,0.0091098535980393,0.008566828
2021-12-03,0.0091190840958878,0.0091011
2021-12-06,0.0094816281213636,0.009166315
2021-12-07,0.0105386766761058,0.009453376
2021-12-08,0.0105598938771048,0.0104835825
2021-12-09,0.010651746456124,0.010650722
2021-12-10,0.0106834080944551,0.010637306
2021-12-13,0.0108973952488048,0.010629511
2021-12-14,0.0108975617896431,0.010814689
2021-12-15,0.0114929143316489,0.010827445
2021-12-16,0.0116260617638215,0.011358048
2021-12-17,0.0118227264837395,0.011566098
2021-12-20,0.0120086986179612,0.01172296
2021-12-21,0.0127060262054843,0.011901535
2021-12-22,0.0128956854693789,0.012584915
2021-12-23,0.0129604858871103,0.012868368
2021-12-27,0.0132829926514833,0.012901646
2021-12-28,0.0121218999664641,0.013187733
2021-12-29,0.0118487777142714,0.012100948
2021-12-30,0.0109386601386375,0.011598679
2021-12-31,0.0105230847175216,0.010735913
2022-01-03,0.0102318091080225,0.010211345
2022-01-04,0.0099605144933274,0.009908859
2022-01-05,0.0108350697338637,0.009634574
2022-01-06,0.0098863944265232,0.010445355
2022-01-07,0.0099013080269691,0.009728224
2022-01-10,0.0097777950777625,0.009536725
2022-01-11,0.0097594628604147,0.009483103
2022-01-12,0.0095433714528075,0.009490234
2022-01-13,0.0099419046273448,0.009302479
2022-01-14,0.0092496376669203,0.009653727
2022-01-18,0.0099109642130537,0.009094495
2022-01-19,0.0098831575671923,0.009585253
2022-01-20,0.0098645334882978,0.009720224
2022-01-21,0.0096700639146511,0.009680752
2022-01-24,0.0093105847497985,0.00948101
2022-01-25,0.0092694020160795,0.009112242
2022-01-26,0.0083743384089458,0.009025892
2022-01-27,0.0083349281840577,0.008200549
2022-01-28,0.0103914439549265,0.008010939
2022-01-31,0.0114896914504022,0.009994268
2022-02-01,0.0116767753311015,0.011437362
2022-02-02,0.0118060988058139,0.011697788
2022-02-03,0.012783357721645,0.011741199
2022-02-04,0.0123344471493182,0.012688285
2022-02-07,0.0123366727300806,0.0124363685
2022-02-08,0.0125394367738714,0.012278255
2022-02-09,0.0130182242742714,0.01246177
2022-02-10,0.0133378380714031,0.012954924
2022-02-11,0.0137821816559961,0.013308947
2022-02-14,0.0135462720973249,0.013731596
2022-02-15,0.0141135455808711,0.013526701
2022-02-16,0.0136013624648368,0.013990232
2022-02-17,0.0141978520044619,0.013586656
2022-02-18,0.014092779952385,0.014034355
2022-02-22,0.0136625981262913,0.014045135
2022-02-23,0.0141523311453079,0.013558996
2022-02-24,0.0144076247272529,0.013945005
2022-02-25,0.0152440186365974,0.014309307
2022-02-28,0.0152016226208049,0.01513953
2022-03-01,0.0145818246459232,0.015199197
2022-03-02,0.0145654689508298,0.014506703
2022-03-03,0.0144631061450039,0.014373661
2022-03-04,0.014277467671286,0.014327165
2022-03-07,0.014721180472304,0.014132733
2022-03-08,0.0146252000559384,0.01452507
2022-03-09,0.0159350683514971,0.014510054
2022-03-10,0.015752236036208,0.015750159
2022-03-11,0.0153836188187691,0.01579069
2022-03-14,0.015064369182979,0.015295984
2022-03-15,0.0155504548479701,0.014908142
2022-03-16,0.0163836459130392,0.0153857395
2022-03-17,0.0162336148042587,0.01632417
2022-03-18,0.0164506074371457,0.016262405
2022-03-21,0.015714702943736,0.01635637
2022-03-22,0.0157565109885767,0.015655857
2022-03-23,0.0158449109451714,0.015569194
2022-03-24,0.015361109837111,0.015715688
2022-03-25,0.015137216241142,0.015247541
2022-03-28,0.0145180116409847,0.014915075
2022-03-29,0.0146429581074207,0.014294255
2022-03-30,0.014195605489457,0.014343841
2022-03-31,0.0143162988534919,0.01397459
2022-04-01,0.0142350322735974,0.014019026
2022-04-04,0.0141058417022777,0.013993251
2022-04-05,0.012515885875565,0.013863804
2022-04-06,0.0126352816063481,0.012297684
2022-04-07,0.0115983142791666,0.01217172
2022-04-08,0.0115561485091694,0.011323823
2022-04-11,0.0118521387653777,0.0111395065
2022-04-12,0.0117183557103844,0.0114862565
2022-04-13,0.0111053446640416,0.011444927
2022-04-14,0.0105071366939894,0.010825138
2022-04-18,0.0101475434027872,0.010167084
2022-04-19,0.0104397282434666,0.009791774
2022-04-20,0.0104401797623423,0.010083486
2022-04-21,0.0105855717066439,0.01018384
2022-04-22,0.0118918614796251,0.010319056
2022-04-25,0.0114451309231486,0.011598086
2022-04-26,0.0126351240268862,0.011416426
2022-04-27,0.0124599971020185,0.012405853
2022-04-28,0.0135121153751575,0.012464121
2022-04-29,0.0153421446574599,0.013395475
2022-05-02,0.0153118310059652,0.015351983
2022-05-03,0.0153498152696955,0.0155791445
2022-05-04,0.0168292112161224,0.015437142
2022-05-05,0.0182380717399775,0.016861884
2022-05-06,0.0181970604474272,0.018521793
2022-05-09,0.0191163414367875,0.018573897
2022-05-10,0.019189621009896,0.019297939
2022-05-11,0.019177164927242,0.019481663
2022-05-12,0.0191940195066407,0.019383864
2022-05-13,0.0199088884735285,0.019330852
2022-05-16,0.0198355596472174,0.02002166
2022-05-17,0.0205235998449044,0.020012334
2022-05-18,0.021594247466971,0.02058652
2022-05-19,0.0215576989632273,0.021749528
2022-05-20,0.0215109287440895,0.02179639
2022-05-23,0.0214760664791703,0.02160101
2022-05-24,0.0213941837352858,0.021537121
2022-05-25,0.0208211909422396,0.021456033
2022-05-26,0.0213537936339024,0.020832589
2022-05-27,0.0213535191943806,0.021271674
2022-05-31,0.019796104741001,0.02138499
2022-06-01,0.0198165455020785,0.019711327
2022-06-02,0.0202142993183956,0.019469177
2022-06-03,0.0193380829816176,0.020045348
2022-06-06,0.0177037552126033,0.019228023
2022-06-07,0.017781803025934,0.01735516
2022-06-08,0.0163405885843641,0.017271535
2022-06-09,0.0172605696045953,0.016028589
2022-06-10,0.0181009821770648,0.016749678
2022-06-13,0.0200163520852127,0.01785655
2022-06-14,0.0191216303133369,0.019886782
2022-06-15,0.0195210161321592,0.01922712
2022-06-16,0.0198730849882162,0.019344445
2022-06-17,0.0181166245946662,0.01987624
2022-06-21,0.0190515849852288,0.018178621
2022-06-22,0.0190472270195837,0.018799987
2022-06-23,0.0186719890539369,0.019090002
2022-06-24,0.0198872096672578,0.018634906
2022-06-27,0.0197663499272743,0.019748991
2022-06-28,0.0196063579939747,0.019852204
2022-06-29,0.0185976832388372,0.019562704
2022-06-30,0.018620768898657,0.018493092
2022-07-01,0.0188724130339099,0.018395236
2022-07-05,0.0182598417921939,0.018754145
2022-07-06,0.0181041095670995,0.01816864
2022-07-07,0.0184843656140866,0.017861726
2022-07-08,0.018283416571016,0.018273167
2022-07-11,0.0182998757883623,0.018167902
2022-07-12,0.0177282737997698,0.018118534
2022-07-13,0.0166198917071919,0.017559674
2022-07-14,0.0141350356702207,0.016370988
2022-07-15,0.0146546845771982,0.013766376
2022-07-18,0.0144985743839268,0.014010146
2022-07-19,0.0134530859482547,0.014171857
2022-07-20,0.013460859446497,0.013104778
2022-07-21,0.012703950404088,0.012923644
2022-07-22,0.0129563093379863,0.012305113
2022-07-25,0.0128579601897133,0.012489885
2022-07-26,0.0114614815698795,0.0125237545
2022-07-27,0.0127261746378036,0.011181266
2022-07-28,0.0118832946470762,0.012194375
2022-07-29,0.0120883731601334,0.011735505
2022-08-01,0.0118466950930215,0.011752737
2022-08-02,0.0119694779559298,0.011596926
2022-08-03,0.0122581364300612,0.011702776
2022-08-04,0.0122999763094564,0.012031395
2022-08-05,0.0120734922064944,0.012130485
2022-08-08,0.0120800688254044,0.011903737
2022-08-09,0.011742757398775,0.011868544
2022-08-10,0.0119941669002048,0.011567525
2022-08-11,0.0118787995119281,0.011759065
2022-08-12,0.0120289494245722,0.011712929
2022-08-15,0.0116433418253137,0.011824727
2022-08-16,0.0112586335161666,0.011478433
2022-08-17,0.0104215482026824,0.011033598
2022-08-18,0.0104173277383575,0.010187241
2022-08-19,0.0109284522374992,0.010074625
2022-08-22,0.0118883510914696,0.01062772
2022-08-23,0.0119249591620673,0.011654723
2022-08-24,0.0115160901308076,0.0118269725
2022-08-25,0.0105742464338812,0.011371538
2022-08-26,0.0129447943649832,0.010386206
2022-08-29,0.0125882321489806,0.012547027
2022-08-30,0.0127706307232344,0.012707377
2022-08-31,0.0127964770480545,0.012668637
2022-09-01,0.012237846534871,0.012681675
2022-09-02,0.0123737430114528,0.012153975
2022-09-06,0.0123749506730474,0.012183717
2022-09-07,0.0131956140327285,0.012235574
2022-09-08,0.0133096438288919,0.013019404
2022-09-09,0.0128666996160118,0.01325382
2022-09-12,0.013138348173919,0.012773217
2022-09-13,0.0154845701386419,0.012930613
2022-09-14,0.0154701009987038,0.0153066
2022-09-15,0.0154863423923554,0.015696976
2022-09-16,0.0154858813602385,0.0155126555
2022-09-19,0.0156199129865391,0.015457957
2022-09-20,0.0155790920306879,0.015611223
2022-09-21,0.0153651042672259,0.015586832
2022-09-22,0.0153857401239396,0.015325871
2022-09-23,0.0155348616327465,0.015280349
2022-09-26,0.0149078597571867,0.015427772
2022-09-27,0.0135105310664437,0.014813383
2022-09-28,0.0145234190804537,0.013294905
2022-09-29,0.0149464134938668,0.014100992
2022-09-30,0.015117657905206,0.0148104755
2022-10-03,0.0164338180681061,0.014988174
2022-10-04,0.0178981375013811,0.016247557
2022-10-05,0.0178896068077214,0.01792583
2022-10-06,0.0173922313090483,0.018086614
2022-10-07,0.0180992731349462,0.017447455
2022-10-10,0.0175311508978447,0.018065883
2022-10-11,0.0171348132106396,0.017671725
2022-10-12,0.0147957156711122,0.017102996
2022-10-13,0.016126466619582,0.014682536
2022-10-14,0.0166596016625006,0.015662996
2022-10-17,0.0178875150317919,0.016592605
2022-10-18,0.0180319521218497,0.017803041
2022-10-19,0.01794322555848,0.018038759
2022-10-20,0.0176612380980445,0.017875778
2022-10-21,0.0183974027421437,0.017578203
2022-10-24,0.0181244862669298,0.018312676
2022-10-25,0.0181913489950472,0.01818813
2022-10-26,0.0182962200815777,0.018132815
2022-10-27,0.017945825081271,0.018241804
2022-10-28,0.0178543479037954,0.017901372
2022-10-31,0.0175321860778139,0.017728934
2022-11-01,0.0168620447490638,0.01740635
2022-11-02,0.0166174952615341,0.01668527
2022-11-03,0.0167655424790608,0.016350796
2022-11-04,0.0168966075489498,0.016519116
2022-11-07,0.0156540784332912,0.016702373
2022-11-08,0.0155103192640161,0.01546526
2022-11-09,0.0162471397645896,0.015110313
2022-11-10,0.0197305750784912,0.015945066
2022-11-11,0.0191811334473595,0.019596897
2022-11-14,0.0183500234953708,0.019574398
2022-11-15,0.0177162618543257,0.01833014
2022-11-16,0.0178208987096354,0.01756946
2022-11-17,0.0177404825284103,0.017735202
2022-11-18,0.0175581772197689,0.01773766
2022-11-21,0.0170294857639104,0.017485688
2022-11-22,0.0170794859900384,0.016883545
2022-11-23,0.0168154255602662,0.016852327
2022-11-25,0.0166866336947804,0.016640326
2022-11-28,0.0170506790464903,0.016466627
2022-11-29,0.016267659692475,0.016825302
2022-11-30,0.0173853772880722,0.016122296
2022-12-01,0.0173381460303424,0.017090548
2022-12-02,0.0161510105281948,0.017298836
2022-12-05,0.0165582969172128,0.016034458
2022-12-06,0.0168323420143275,0.016232025
2022-12-07,0.0167637539497862,0.016700601
2022-12-08,0.0167918258557301,0.016672375
2022-12-09,0.0161228694871034,0.016638467
2022-12-12,0.0113952096806172,0.015977137
2022-12-13,0.011328214785575,0.011181026
2022-12-14,0.0112263373782807,0.010424144
2022-12-15,0.0123661606100427,0.0107237715
2022-12-16,0.0124660793719019,0.011890797
2022-12-19,0.0125762061448758,0.01214574
2022-12-20,0.0125087312677826,0.012205901
2022-12-21,0.013002016580757,0.012185962
2022-12-22,0.0128933482309244,0.012710003
2022-12-23,0.0128918968466353,0.012742546
2022-12-27,0.0128900373751469,0.012714823
2022-12-28,0.0127339187708174,0.012723974
2022-12-29,0.0134297562273999,0.012586283
2022-12-30,0.0112815333025488,0.013238426
2023-01-03,0.0112741418634849,0.011279628
2023-01-04,0.011503258242787,0.010846197
2023-01-05,0.0111559910520121,0.0112042315
2023-01-06,0.0120331228632473,0.010958268
2023-01-09,0.012029565607382,0.011705403
2023-01-10,0.0120121797231644,0.011871235
2023-01-11,0.0122406390186593,0.01181587
2023-01-12,0.0118551462009073,0.012027726
2023-01-13,0.0117748845145891,0.011715994
2023-01-17,0.0117077465888212,0.011565552
2023-01-18,0.0108331905036255,0.011510455
2023-01-19,0.0106702076301512,0.010670508
2023-01-20,0.0111308594889982,0.010361726
2023-01-23,0.0113357816777763,0.010833249
2023-01-24,0.0109904221598429,0.011141064
2023-01-25,0.0103586402449033,0.010813979
2023-01-26,0.0105033316311237,0.010124455
2023-01-27,0.010392461922359,0.010182982
2023-01-30,0.0104636345761122,0.010166526
2023-01-31,0.0102881628341848,0.010222963
2023-02-01,0.010343780653324,0.010070085
2023-02-02,0.0104778268292339,0.010094249
2023-02-03,0.0109180720576016,0.010249979
2023-02-06,0.0105966524744158,0.010702259
2023-02-07,0.0099150933084244,0.010469794
2023-02-08,0.0103696388756579,0.009733834
2023-02-09,0.0106158846972188,0.010061123
2023-02-10,0.0103229497317339,0.010435428
2023-02-13,0.0105437704665108,0.010185018
2023-02-14,0.0105407714924982,0.010308081
2023-02-15,0.010509967442602,0.01035985
2023-02-16,0.0103662918270874,0.010328531
2023-02-17,0.0101935126869358,0.010180947
2023-02-21,0.0105645053193703,0.009992289
2023-02-22,0.0102335895339976,0.010325384
2023-02-23,0.0103069501305343,0.01009021
2023-02-24,0.0105606515726488,0.010078142
2023-02-27,0.0102676051470189,0.010344512
2023-02-28,0.0102464832877895,0.010116844
2023-03-01,0.0099205267378851,0.010025855
2023-03-02,0.0094886480385065,0.009724967
2023-03-03,0.0099003056483635,0.009267031
2023-03-06,0.0092595381224049,0.009601651
2023-03-07,0.0095616011881518,0.009102328
2023-03-08,0.0095301482523339,0.009255866
2023-03-09,0.0096567469348125,0.009311227
2023-03-10,0.009831314419889,0.009428331
2023-03-13,0.0097446599962685,0.009615813
2023-03-14,0.0105559732201667,0.009564386
2023-03-15,0.0101417319859508,0.010311574
2023-03-16,0.0110639210309261,0.010072592
2023-03-17,0.011173353674515,0.0108296275
2023-03-20,0.0111410635982684,0.0111099
2023-03-21,0.0115780038972505,0.01105178
2023-03-22,0.011297422355377,0.011431338
2023-03-23,0.0113239777676196,0.011237846
2023-03-24,0.011332111814957,0.011178509
2023-03-27,0.0110990038289607,0.011188064
2023-03-28,0.0110829396086437,0.010960247
2023-03-29,0.011484116848891,0.010889592
2023-03-30,0.0114634796007921,0.011276638
2023-03-31,0.0117438872782427,0.011327413
2023-04-03,0.0112812023503377,0.011559843
2023-04-04,0.0113766881071912,0.011153869
2023-04-05,0.010799214834484,0.011147477
2023-04-06,0.0108113568098284,0.010636411
2023-04-10,0.0098005771590238,0.010549698
2023-04-11,0.009034425260528,0.009616522
2023-04-12,0.0091173964578903,0.008717693
2023-04-13,0.0089064943160387,0.008725912
2023-04-14,0.0087009228808096,0.008615864
2023-04-17,0.0080458233473496,0.00839703
2023-04-18,0.0074576141681228,0.007759061
2023-04-19,0.0073487134792998,0.0071234144
2023-04-20,0.0071497918766381,0.0069797714
2023-04-21,0.0058353018546798,0.006842256
2023-04-24,0.0058417477793014,0.005621978
2023-04-25,0.0069943404147203,0.005415096
2023-04-26,0.0070787644983193,0.006569852
2023-04-27,0.008109529761621,0.006910798
2023-04-28,0.0077593337074742,0.007832991
2023-05-01,0.0077139039884748,0.0076835994
2023-05-02,0.0076118072228529,0.0075390697
2023-05-03,0.0077186865603155,0.007445746
2023-05-04,0.0077750652472207,0.007545438
2023-05-05,0.0087647973645498,0.007622138
2023-05-08,0.0087370583240499,0.008543166
2023-05-09,0.0088022332990425,0.008686649
2023-05-10,0.0088531867017759,0.0086783
2023-05-11,0.0088073482400634,0.008710838
2023-05-12,0.0083161056336285,0.008673503
2023-05-15,0.0083335044649995,0.008194168
2023-05-16,0.0084089355898694,0.008112059
2023-05-17,0.0088259509635617,0.008206341
2023-05-18,0.0090586509838433,0.008613405
2023-05-19,0.0089503271806237,0.008894836
2023-05-22,0.0089510165593064,0.008804758
2023-05-23,0.0093232210825356,0.008762222
2023-05-24,0.0087555962049146,0.009117755
2023-05-25,0.0088717325057958,0.008655867
2023-05-26,0.0083035652757857,0.008636084
2023-05-30,0.0081282053186299,0.008143836
2023-05-31,0.008251927538688,0.007880764
2023-06-01,0.0080450223060746,0.007991343
2023-06-02,0.0083118311756821,0.007840527
2023-06-05,0.0080904716081928,0.008047024
2023-06-06,0.0072281647233922,0.007898599
2023-06-07,0.0073236070522689,0.0070480187
2023-06-08,0.0072547759677126,0.0069922414
2023-06-09,0.0072338535831038,0.0070075355
2023-06-12,0.0073623233808937,0.006995821
2023-06-13,0.0073690640423459,0.0071131056
2023-06-14,0.0073807874632387,0.0071501
2023-06-15,0.0073515299479894,0.007164472
2023-06-16,0.0072546007536122,0.0071444795
2023-06-20,0.0072667456513505,0.007055633
2023-06-21,0.007406449291911,0.0070556407
2023-06-22,0.0074043286690454,0.007196741
2023-06-23,0.0071150807688142,0.0072239554
2023-06-26,0.0069477080002139,0.006947483
2023-06-27,0.0070919693734239,0.006735861
2023-06-28,0.0066973331530135,0.006855989
2023-06-29,0.0067050248973376,0.0065342938
2023-06-30,0.0067707095134455,0.0064634536
2023-07-03,0.0065958003311215,0.006542613
2023-07-05,0.0060721439498479,0.006404613
2023-07-06,0.0063887648819751,0.005887701
2023-07-07,0.0064556587924178,0.0060924515
2023-07-10,0.0063527193219203,0.006249218
2023-07-11,0.0063737779470411,0.006167167
2023-07-12,0.0064964778894561,0.006157948
2023-07-13,0.0064509114992934,0.006282683
2023-07-14,0.0063711628496466,0.0062713274
2023-07-17,0.0063900886329052,0.006186221
2023-07-18,0.0060636938851734,0.00619003
2023-07-19,0.0059545096080478,0.0059003644
2023-07-20,0.0060790765650557,0.005741199
2023-07-21,0.005884922038248,0.005851633
2023-07-24,0.0058904787917801,0.005710378
2023-07-25,0.0054718985358635,0.00567539
2023-07-26,0.0052792473080365,0.005300313
2023-07-27,0.0052198914706966,0.005053554
2023-07-28,0.0054859033699092,0.0049878624
2023-07-31,0.0054625509901886,0.0052422304
2023-08-01,0.0050267097818315,0.005281079
2023-08-02,0.0060316454242607,0.0048706606
2023-08-03,0.0060454067263002,0.005704646
2023-08-04,0.0058842408422825,0.0059349732
2023-08-07,0.0060884928079034,0.0057571903
2023-08-08,0.0061980733855192,0.0058896616
2023-08-09,0.0062868773983831,0.006038894
2023-08-10,0.0060743488338154,0.0061373687
2023-08-11,0.0057575299723002,0.005944663
2023-08-14,0.0059128408821016,0.005601768
2023-08-15,0.0063359129124835,0.005690137
2023-08-16,0.0062182940109782,0.006125217
2023-08-17,0.0062870791988355,0.0060921004
2023-08-18,0.0062053486568389,0.006103317
2023-08-21,0.0064732852163513,0.006035049
2023-08-22,0.0063544100988638,0.0062674563
2023-08-23,0.0068783690610339,0.0062113926
2023-08-24,0.0073620887929435,0.006658004
2023-08-25,0.0075245597496671,0.007200324
2023-08-28,0.0072941682010932,0.0074161077
2023-08-29,0.0080689456592543,0.0071923397
2023-08-30,0.0081243423108493,0.007846646
2023-08-31,0.0075404805548211,0.008050599
2023-09-01,0.007528362473013,0.0074741384
2023-09-05,0.0074918791282895,0.0073223207
2023-09-06,0.007365529030551,0.00731092
2023-09-07,0.007343646393133,0.007194985
2023-09-08,0.0071972347879457,0.0071419897
2023-09-11,0.0073493852439099,0.0070006037
2023-09-12,0.0074584374247806,0.00711588
2023-09-13,0.0073486706873921,0.007253309
2023-09-14,0.0070920984668571,0.007167581
2023-09-15,0.0074288063862832,0.006900886
2023-09-18,0.0071851491924502,0.007172258
2023-09-19,0.007213008348874,0.007028851
2023-09-20,0.0074032069611872,0.0069988016
2023-09-21,0.0082267746884776,0.007185249
2023-09-22,0.0077881934930263,0.007992324
2023-09-25,0.0073323569166047,0.0077279443
2023-09-26,0.0077794398667169,0.007171229
2023-09-27,0.0075903546668646,0.007508889
2023-09-28,0.0068783285814911,0.0074552703
2023-09-29,0.0067412478612054,0.0067414874
2023-10-02,0.0067618106458008,0.0064747296
2023-10-03,0.0071303327706257,0.0065103094
2023-10-04,0.0075293888225523,0.0068799653
2023-10-05,0.0074629015364882,0.007317403
2023-10-06,0.0080578670075105,0.007309701
2023-10-09,0.008215802581502,0.007824759
2023-10-10,0.0081485705971199,0.008084974
2023-10-11,0.0081754637726176,0.008027269
2023-10-12,0.0082403308231056,0.008017507
2023-10-13,0.0079691466589794,0.00808224
2023-10-16,0.0080434135203429,0.007837545
2023-10-17,0.0080375105704182,0.007844973
2023-10-18,0.0084959176552583,0.007858725
2023-10-19,0.0084546910543927,0.0082819825
2023-10-20,0.0081437443093394,0.008320096
2023-10-23,0.0081406335924981,0.007990653
2023-10-24,0.0082722601876048,0.007920268
2023-10-25,0.008239113295135,0.008063361
2023-10-26,0.0085690782638668,0.008063692
2023-10-27,0.0084218287386339,0.008354482
2023-10-30,0.0089553073119722,0.008272759
2023-10-31,0.0091133853107073,0.008727807
2023-11-01,0.0089506311286823,0.0089759845
2023-11-02,0.0096920756754985,0.008825075
2023-11-03,0.0098647362854938,0.009470377
2023-11-06,0.0095622662888848,0.009775659
2023-11-07,0.0094896745958669,0.0094781695
2023-11-08,0.0094291605757822,0.009318666
2023-11-09,0.0095525377232259,0.00925941
2023-11-10,0.0100433747245821,0.009372443
2023-11-13,0.0099648103657849,0.009854264
2023-11-14,0.0105198321601034,0.009851918
2023-11-15,0.0105149804571899,0.01032433
2023-11-16,0.0099488761813843,0.010411544
2023-11-17,0.009651736341001,0.009838757
2023-11-20,0.0090426575933458,0.009438558
2023-11-21,0.0090526060110058,0.008842173
2023-11-22,0.0090133226251195,0.008770153
2023-11-24,0.0080783833525418,0.008769402
2023-11-27,0.0073548562390517,0.007886582
2023-11-28,0.007090769031394,0.0070386594
2023-11-29,0.0069998926348093,0.006725383
2023-11-30,0.0069810516597803,0.006668101
2023-12-01,0.0068415955217929,0.0066728084
2023-12-04,0.0062225657638045,0.006558725
2023-12-05,0.0060671636302786,0.005978448
2023-12-06,0.0062136359048447,0.0057481406
2023-12-07,0.0063478693807638,0.005909446
2023-12-08,0.0063544334373834,0.006098696
2023-12-11,0.0058890388692541,0.0061368486
2023-12-12,0.0051605405081618,0.0057096747
2023-12-13,0.0056423620889379,0.0049631973
2023-12-14,0.0043270419927435,0.0053035105
2023-12-15,0.004356201398899,0.0042495416
2023-12-18,0.0043767971616084,0.0040295
2023-12-19,0.0044319586590977,0.004108471
2023-12-20,0.0056998251487691,0.004199231
2023-12-21,0.0059386975009137,0.0053643305
2023-12-22,0.0059230913154932,0.005827078
2023-12-26,0.0059321994821174,0.005809655
2023-12-27,0.0058592088151058,0.005782109
2023-12-28,0.0058678894180742,0.005720982
2023-12-29,0.0059345137685572,0.005720221
2024-01-02,0.0061661944337855,0.0057819164
2024-01-03,0.0064479052463744,0.0059995404
2024-01-04,0.0063608796009688,0.0062896246
2024-01-05,0.0063485912843063,0.0062421774
2024-01-08,0.0067969267982774,0.0061891465
2024-01-09,0.006708940545779,0.0065937396
2024-01-10,0.006744821434629,0.0065967953
2024-01-11,0.006747710320853,0.006586008
2024-01-12,0.0067145627957022,0.0065834075
2024-01-16,0.0061910468605418,0.0065502776
2024-01-17,0.0063160860733025,0.0060565146
2024-01-18,0.0065859081329211,0.0060713384
2024-01-19,0.0070158748318166,0.0063675703
2024-01-22,0.0069340495051385,0.0068175797
2024-01-23,0.0059480145790999,0.006801947
2024-01-24,0.0056134272833357,0.005846342
2024-01-25,0.0056820606829152,0.005352444
2024-01-26,0.0056595332686173,0.005412237
2024-01-29,0.0058288040698998,0.0054464242
2024-01-30,0.0058415154513994,0.0055973087
2024-01-31,0.0069526412499002,0.00563745
2024-02-01,0.0072317380029159,0.0066557964
2024-02-02,0.007131923580811,0.0071263146
2024-02-05,0.007122007021058,0.007037919
2024-02-06,0.0071204477417311,0.0069723134
2024-02-07,0.0067557151694559,0.0069721257
2024-02-08,0.0067136751200531,0.0066383393
2024-02-09,0.0067155573151336,0.006524497
2024-02-12,0.0067221076952987,0.006527562
2024-02-13,0.0075857972687722,0.0065361317
2024-02-14,0.0076663282259439,0.0073295613
2024-02-15,0.0074794319021689,0.007560505
2024-02-16,0.0075277527746979,0.007354199
2024-02-20,0.0073614555857597,0.0073387977
2024-02-21,0.0073587243699855,0.0072048944
2024-02-22,0.0085154489222872,0.007174222
2024-02-23,0.0085196361786756,0.008252765
2024-02-26,0.0085812447967276,0.008469946
2024-02-27,0.0085646654344135,0.008458162
2024-02-28,0.0084911605999452,0.008421261
2024-02-29,0.008519119276859,0.008347708
2024-03-01,0.0075654740818344,0.00835841
2024-03-04,0.0072762350387255,0.0074655223
2024-03-05,0.0074806050050158,0.00701122
2024-03-06,0.0074600650884538,0.007195935
2024-03-07,0.0076987719674505,0.007247639
2024-03-08,0.0077687294307287,0.0074541504
2024-03-11,0.0077844791296737,0.00755684
2024-03-12,0.0080300483045233,0.0075780987
2024-03-13,0.0080470787763803,0.0078093675
2024-03-14,0.0073448177281047,0.0078762835
2024-03-15,0.0073407952960108,0.007215744
2024-03-18,0.0073574026427361,0.007077909
2024-03-19,0.0072889504659443,0.007133544
2024-03-20,0.0072324337325884,0.0070899827
2024-03-21,0.0072307207887616,0.0070194723
2024-03-22,0.0058948163096688,0.007008574
2024-03-25,0.0059704224056704,0.0057791923
2024-03-26,0.0059328372817168,0.0056093573
2024-03-27,0.006146267593757,0.005665353
2024-03-28,0.0061030199471241,0.0058868187
2024-04-01,0.0060989248502309,0.005887628
2024-04-02,0.0061784369350108,0.005869936
2024-04-03,0.0061647594486267,0.005950268
2024-04-04,0.0063723608352578,0.0059659034
2024-04-05,0.0067025051234015,0.0061593014
2024-04-08,0.0063549008059392,0.0065063164
2024-04-09,0.0061531213070784,0.006241799
2024-04-10,0.0065430059886468,0.0059707873
2024-04-11,0.0062826373666513,0.006303042
2024-04-12,0.0070654342335296,0.006156053
2024-04-15,0.0075007053018353,0.0068109343
2024-04-16,0.0073944490912431,0.0073595904
2024-04-17,0.0072994920584741,0.007307479
2024-04-18,0.0071315804283688,0.0071558165
2024-04-19,0.0068770272818494,0.006977166
2024-04-22,0.0071967441095986,0.006717824
2024-04-23,0.0078230123760338,0.0069727455
2024-04-24,0.0078232462435843,0.0076219873
2024-04-25,0.0078493730807505,0.00771963
2024-04-26,0.0079560279655245,0.0076956344
2024-04-29,0.0080006777039158,0.0077827866
2024-04-30,0.0086119224408465,0.007845002
2024-05-01,0.0085334961517886,0.0084166005
2024-05-02,0.0088393292017431,0.008445769
2024-05-03,0.0089521376399237,0.008675668
2024-05-06,0.0089056490393295,0.008822399
2024-05-07,0.0089120047004297,0.008780497
2024-05-08,0.0089047724012104,0.008758395
2024-05-09,0.0087098098550379,0.008745755
2024-05-10,0.0085702744930255,0.008554444
2024-05-13,0.0078679265204496,0.008379562
2024-05-14,0.0073175763810261,0.007699028
2024-05-15,0.0075716684108714,0.0070641786
2024-05-16,0.0074133186284969,0.0072425054
2024-05-17,0.0073414735945471,0.0071875956
2024-05-20,0.0068719867603589,0.007088497
2024-05-21,0.0067545769807618,0.0066434233
2024-05-22,0.0065265568437598,0.0064657032
2024-05-23,0.0068449657258479,0.0062731504
2024-05-24,0.0067695430907892,0.0065529705
2024-05-28,0.0065401873829352,0.006564754
2024-05-29,0.0068360701543321,0.0063348548
2024-05-30,0.0058619110572073,0.0065696873
2024-05-31,0.0058767363426988,0.0057501756
2024-06-03,0.0056770886725702,0.005581023
2024-06-04,0.0051462982963976,0.005448929
2024-06-05,0.0052832931153214,0.0049532885
2024-06-06,0.0052972680094787,0.004991576
2024-06-07,0.005318470168478,0.005063705
2024-06-10,0.0052606351378712,0.0050985464
2024-06-11,0.0052689882592522,0.005052627
2024-06-12,0.0054744095770673,0.0050557815
2024-06-13,0.0054321189461794,0.005256024
2024-06-14,0.0049391941825483,0.0052647777
2024-06-17,0.0050798017976147,0.0048026685
2024-06-18,0.0050831499121786,0.0048384713
2024-06-20,0.0051620584457326,0.004895861
2024-06-21,0.0051970989622674,0.004975539
2024-06-24,0.0052114416951996,0.0050180717
2024-06-25,0.0048441714808492,0.0050336993
2024-06-26,0.0046959788170032,0.0047008945
2024-06-27,0.0046891936208691,0.0044978624
2024-06-28,0.0044215930151314,0.0044828025
2024-07-01,0.0040551182292489,0.004255995
2024-07-02,0.0039413791398383,0.003878224
2024-07-03,0.0039890199302592,0.003719839
2024-07-05,0.004044892214255,0.003767622
2024-07-08,0.0034358777216193,0.0038449878
2024-07-09,0.0034130876362779,0.0033122778
2024-07-10,0.0037737631447095,0.0031780372
2024-07-11,0.0045062827528953,0.00352934
2024-07-12,0.0045706594010972,0.0042787236
2024-07-15,0.0043361959933226,0.0044670845
2024-07-16,0.004448426681482,0.0042301845
2024-07-17,0.0056484200932326,0.0042701806
2024-07-18,0.0057960721254615,0.005391979
2024-07-19,0.0060182185801867,0.0057585174
2024-07-22,0.0064058523235936,0.005927212
2024-07-23,0.0064057783690256,0.0062806015
2024-07-24,0.0082829347075593,0.006335837
2024-07-25,0.0082948303452777,0.008037902
2024-07-26,0.0086678149467773,0.008386802
2024-07-29,0.0086672590683836,0.008625943
2024-07-30,0.0086892917936138,0.008633893
2024-07-31,0.0093431831638294,0.008624399
2024-08-01,0.0097345085153028,0.009221824
2024-08-02,0.010395971559257,0.009689519
2024-08-05,0.0119937803476571,0.010325336
2024-08-06,0.0123301400466812,0.011907752
2024-08-07,0.0123431394119349,0.012462027
2024-08-08,0.0133033251645208,0.012405233
2024-08-09,0.0133207819691644,0.01326368
2024-08-12,0.0132179860582825,0.013439229
2024-08-13,0.0138233310223953,0.013254752
2024-08-14,0.0137599638112639,0.013772381
2024-08-15,0.0139861623191161,0.013799301
2024-08-16,0.0138881323555316,0.0139384875
2024-08-19,0.0139347918852232,0.013842119
2024-08-20,0.0137606282790297,0.01383496
2024-08-21,0.0137799434431322,0.013655813
2024-08-22,0.0128524761189126,0.013626881
2024-08-23,0.0129484194258618,0.012719029
2024-08-26,0.0128250481579945,0.012645042
2024-08-27,0.0128245257479921,0.012603161
2024-08-28,0.0128517846010188,0.012588766
2024-08-29,0.0124264372734982,0.01261253
2024-08-30,0.0121317199627994,0.012208783
2024-09-03,0.0123810013778065,0.011856401
2024-09-04,0.0100272585065432,0.012088411
2024-09-05,0.009961494638171,0.009899416
2024-09-06,0.0106491781867173,0.009422393
2024-09-09,0.0097926244568458,0.010234995
2024-09-10,0.0097893598164576,0.0096057225
2024-09-11,0.0099893745811222,0.009400293
2024-09-12,0.0094926046870738,0.009639226
2024-09-13,0.0095189294792352,0.009253911
2024-09-16,0.0089179091109759,0.009198023
2024-09-17,0.008914030391849,0.008677488
2024-09-18,0.0086996196306136,0.008593554
2024-09-19,0.0094155526517535,0.008439664
2024-09-20,0.0094053924905162,0.009099168
2024-09-23,0.0091481993027913,0.009240235
2024-09-24,0.0088548614012611,0.008965544
2024-09-25,0.0088302038281947,0.008634416
2024-09-26,0.008855949719742,0.008586296
2024-09-27,0.0087282268016803,0.008638068
2024-09-30,0.0087469140010701,0.008530716
2024-10-01,0.0088166411216958,0.00852117
2024-10-02,0.0072589305819892,0.008597425
2024-10-03,0.0072606565012512,0.007153503
2024-10-04,0.0073540837175772,0.0068710297
2024-10-07,0.0064645164229159,0.0070522437
2024-10-08,0.0063453996060537,0.0062839095
2024-10-09,0.0064140354445638,0.006003399
2024-10-10,0.0062062818692406,0.0060953596
2024-10-11,0.0061495857273322,0.0059580402
2024-10-14,0.0062353927473124,0.0058786967
2024-10-15,0.0065768559611536,0.005967695
2024-10-16,0.0066051162342986,0.0063201985
2024-10-17,0.0065360294853338,0.006420504
2024-10-18,0.0055972205828316,0.0063527874
2024-10-21,0.0055939080378224,0.005475028
2024-10-22,0.0055940467455171,0.0053079803
2024-10-23,0.0060162903065873,0.0053625633
2024-10-24,0.0060000254017893,0.0057730298
2024-10-25,0.0059549261781544,0.005834747
2024-10-28,0.0059577690913495,0.0057688374
2024-10-29,0.0059075376341206,0.0057584504
2024-10-30,0.0055334726017455,0.005722672
2024-10-31,0.0070043057836043,0.0053766505
2024-11-01,0.0070493413620189,0.006659345
2024-11-04,0.006786473758041,0.006998419
2024-11-05,0.0069577409413825,0.0066989614
2024-11-06,0.0085614951831044,0.0067667197
2024-11-07,0.0085721535049192,0.0083009675
2024-11-08,0.0085461133372187,0.008612957
2024-11-11,0.0084902593638109,0.008490765
2024-11-12,0.0084189277173511,0.008382246
2024-11-13,0.0081872123323606,0.008303669
2024-11-14,0.0083055187538772,0.008069926
2024-11-15,0.0088619490246236,0.008126527
2024-11-18,0.0088608311818608,0.008667473
2024-11-19,0.0088834234908475,0.008753162
2024-11-20,0.0088813309736184,0.008727496
2024-11-21,0.0086459198919779,0.008710238
2024-11-22,0.0086576892362158,0.008486878
2024-11-25,0.0086574931791864,0.008452758
2024-11-26,0.008704281607633,0.008464031
2024-11-27,0.0087836964263871,0.008507841
2024-11-29,0.0087632362808674,0.008585753
2024-12-02,0.0073913317508101,0.008575565
2024-12-03,0.0074015360854358,0.0072785
2024-12-04,0.00732951544141,0.007039427
2024-12-05,0.0070879714333555,0.007057733
2024-12-06,0.0048398471502088,0.0068530445
2024-12-09,0.0048864787041162,0.0047297394
2024-12-10,0.0048920347315509,0.0043831007
2024-12-11,0.0051813699699389,0.00453603
2024-12-12,0.0052962803793187,0.0048645847
2024-12-13,0.0052973137824838,0.005029254
2024-12-16,0.0051181347464461,0.0050503123
2024-12-17,0.0041192553039608,0.004897921
2024-12-18,0.0079468976660948,0.0039776233
2024-12-19,0.0078910801205713,0.007303003
2024-12-20,0.00826259106714,0.0080493
2024-12-23,0.0083341275191182,0.008231714
2024-12-24,0.0086372392465399,0.008274892
2024-12-26,0.0086208649647207,0.008561928
2024-12-27,0.008880685281058,0.008596024
2024-12-30,0.0091397183369121,0.008800618
2024-12-31,0.0090517447975911,0.00906081
2025-01-02,0.0090148722789151,0.008987052
2025-01-03,0.0095114587114249,0.008892745
2025-01-06,0.0094936173472589,0.009335939
2025-01-07,0.0097553330578618,0.009400593
2025-01-08,0.0097392110192226,0.0096019795
2025-01-10,0.0101748423456339,0.009611797
2025-01-13,0.010197257809913,0.010000227
2025-01-14,0.00997560157801,0.010090162
2025-01-15,0.0108500879064796,0.009850271
2025-01-16,0.0108521736889131,0.010624018
2025-01-17,0.0110660728034477,0.010794273
2025-01-21,0.0112210016074763,0.010941845
2025-01-22,0.0089396297403305,0.011098833
2025-01-23,0.0089521728302503,0.008929595
2025-01-24,0.0087747072124963,0.008517389
2025-01-27,0.0093252264008732,0.008492904
2025-01-28,0.0092296302552986,0.009023972
2025-01-29,0.0092912378860165,0.009021911
2025-01-30,0.008992809518179,0.00902686
2025-01-31,0.0087081805019858,0.008761645
2025-02-03,0.0088406256990622,0.008457394
2025-02-04,0.0089126237694161,0.008562329
2025-02-05,0.0085645731742409,0.008687618
2025-02-06,0.0085239684037158,0.008376705
2025-02-07,0.0084141456374168,0.008270205
2025-02-10,0.0085072088859923,0.00818438
2025-02-11,0.0076057824818865,0.008268851
2025-02-12,0.0076735697220982,0.0074516735
2025-02-13,0.0078993466343697,0.007350203
2025-02-14,0.0070066768911486,0.0076277032
2025-02-18,0.0069660624559049,0.0068600406
2025-02-19,0.0066991130522312,0.00664536
2025-02-20,0.0065663169805748,0.006439629
2025-02-21,0.0074837753871375,0.0063013644
2025-02-24,0.0074161386464073,0.0071468074
2025-02-25,0.0074489771456199,0.0072744316
2025-02-26,0.0067740416948803,0.00725519
2025-02-27,0.0071993612999559,0.0066257566
2025-02-28,0.0080913715755257,0.0069064735
2025-03-03,0.0087769101178091,0.007857417
2025-03-04,0.0090511446652646,0.008657142
2025-03-05,0.0093962943435624,0.008979091
2025-03-06,0.0098628088714939,0.009292274
2025-03-07,0.0099202798081068,0.009768021
2025-03-10,0.0112063837311241,0.009883594
2025-03-11,0.0111655198702493,0.011071391
2025-03-12,0.011087581053674,0.01124175
2025-03-13,0.0112586183872731,0.011061461
2025-03-14,0.0125646873960638,0.011165779
2025-03-17,0.012375827112215,0.012448174
2025-03-18,0.0124436622878526,0.012475202
2025-03-19,0.0127875551348945,0.012387642
2025-03-20,0.0127183640219057,0.012695686
2025-03-21,0.0127589612742835,0.01268293
2025-03-24,0.0131543104515337,0.012668092
2025-03-25,0.013157429224584,0.013035383
2025-03-26,0.013308561941655,0.0130905025
2025-03-27,0.013302366079158,0.013192973
2025-03-28,0.0135333458861319,0.013191063
2025-03-31,0.013025857911561,0.013397306
2025-04-01,0.0126332158277423,0.012931466
2025-04-02,0.0125230061112176,0.012435374
2025-04-03,0.016109609023053,0.012286363
2025-04-04,0.0203003960115155,0.015802877
2025-04-07,0.0201524886939365,0.02057943
2025-04-08,0.0197008809933656,0.020922245
2025-04-09,0.0288309799453092,0.020009844
2025-04-10,0.0297362775839964,0.029226473
2025-04-11,0.0299563095019271,0.031824652
2025-04-14,0.02959972681052,0.03122704
2025-04-15,0.0295374092704671,0.030511653
2025-04-16,0.0298194521627633,0.030496184
2025-04-17,0.0296735052361934,0.03078282
2025-04-21,0.0300034360820402,0.030455707
2025-04-22,0.0306632104304359,0.03054142
2025-04-23,0.0306310891039425,0.031154944
2025-04-24,0.0310423951675324,0.031040637
2025-04-25,0.0310450914540472,0.031293217
2025-04-28,0.0310460770213865,0.0312932
2025-04-29,0.0307844174748972,0.031217197
2025-04-30,0.0307596479446205,0.030902777
2025-05-01,0.0307813519219406,0.030832743
2025-05-02,0.0309188339591082,0.030872675
2025-05-05,0.0288092569356581,0.031010209
2025-05-06,0.0249892489734788,0.028729547
2025-05-07,0.0249369709745873,0.024357159
2025-05-08,0.0244730524380223,0.024163349
2025-05-09,0.0148921465693668,0.024156246
2025-05-12,0.0137334936496927,0.014004709
2025-05-13,0.0134224123615058,0.01158769
2025-05-14,0.0134172712778274,0.012234448
2025-05-15,0.0133506590635529,0.012429995
2025-05-16,0.0118283648641506,0.012316234
2025-05-19,0.011837274202666,0.010918553
2025-05-20,0.0099981696135578,0.0108587975
2025-05-21,0.0102968252817034,0.009382648
2025-05-22,0.0099893715216406,0.009517269
2025-05-23,0.0095309111591854,0.009494011
2025-05-27,0.0102365696492804,0.009102902
2025-05-28,0.0104062198068585,0.009756662
2025-05-29,0.0103896381557519,0.010132657
2025-05-30,0.0104060030369288,0.010159399
2025-06-02,0.0103808156286666,0.01017596
2025-06-03,0.0100489799878883,0.010180529
2025-06-04,0.0098656906437579,0.009879933
2025-06-05,0.0097517571081973,0.00965483
2025-06-06,0.0098837660451162,0.009536471
2025-06-09,0.0098728339896738,0.009658821
2025-06-10,0.0098552800486214,0.009678934
2025-06-11,0.0073504381092195,0.009650671
2025-06-12,0.0072531404921101,0.007275849
2025-06-13,0.0077596813864651,0.0067438963
2025-06-16,0.0079569831730566,0.007361567
2025-06-17,0.0080780533968761,0.0077036545
2025-06-18,0.0080771929419092,0.007817778
2025-06-20,0.0080431780652347,0.007819787
2025-06-23,0.0073402272786208,0.007799168
2025-06-24,0.0076160005529848,0.007158595
2025-06-25,0.0073679803348112,0.007304276
2025-06-26,0.0062811571127426,0.0071741054
2025-06-27,0.0060909323507919,0.0061261994
2025-06-30,0.0061125948561426,0.0057592243
2025-07-01,0.0061369740012002,0.0058138524
2025-07-02,0.0061481591759777,0.0058822744
2025-07-03,0.006243794480358,0.0059027076
2025-07-07,0.0066229230156393,0.0059959823
2025-07-08,0.0064430784368595,0.006372859
2025-07-09,0.0062453955660517,0.006286305
2025-07-10,0.0062416819044959,0.006059263
2025-07-11,0.0063002454857061,0.006026573
2025-07-14,0.0062179270960193,0.0061005307
2025-07-15,0.0063294148429701,0.0060432726
2025-07-16,0.0056012703878665,0.006126186
2025-07-17,0.0054122659979921,0.005479935
2025-07-18,0.0048906224858203,0.005168123
2025-07-21,0.0048567687110831,0.0046921237
2025-07-22,0.0047583788309132,0.004593196
2025-07-23,0.0046436783698001,0.00452812
2025-07-24,0.004228017236655,0.004421189
2025-07-25,0.0042192435881393,0.004033502
2025-07-28,0.0040293084459697,0.0039631054
2025-07-29,0.0040872359938482,0.0038220258
2025-07-30,0.0040398936682402,0.0038585044
2025-07-31,0.0041516833738166,0.0038435422
2025-08-01,0.0055059300025449,0.003944602
2025-08-04,0.0061173446094727,0.0051971753
2025-08-05,0.0059460102859839,0.0060151517
2025-08-06,0.0061148049246268,0.0059185755
2025-08-07,0.0060087003216322,0.005980076
2025-08-08,0.0061963670330895,0.005910645
2025-08-11,0.0061722852075218,0.0060593444
2025-08-12,0.0065789985730681,0.0060646227
2025-08-13,0.0064761217227961,0.0064129825
2025-08-14,0.0064728960550725,0.0063781226
2025-08-15,0.0064796975310545,0.006324734
2025-08-18,0.0064797954265591,0.006317312
2025-08-19,0.0066571841691512,0.0063153063
2025-08-20,0.0066944032588513,0.006472992
2025-08-21,0.0065591803814913,0.006534135
2025-08-22,0.0073310386361248,0.0064022276
2025-08-25,0.007371793689117,0.0070802746
2025-08-26,0.0074166744910704,0.0072670807
2025-08-27,0.0073812464546359,0.00727709
2025-08-28,0.0073820458986574,0.007228385
2025-08-29,0.0074920920770441,0.0072186016
2025-09-02,0.0066725902933094,0.0073204474
2025-09-03,0.0060145263530535,0.006575148
2025-09-04,0.0060718209621043,0.0058020754
2025-09-05,0.006004366682293,0.0057714707
2025-09-08,0.0059939869515464,0.0057721157
2025-09-09,0.0058132480115488,0.0057586557
2025-09-10,0.0057751894924963,0.005590067
2025-09-11,0.0055562253425109,0.005528521
2025-09-12,0.0055420698499982,0.005340489
2025-09-15,0.0056025983948146,0.005302999
2025-09-16,0.0055563317241047,0.0053757303
2025-09-17,0.005569310278509,0.0053576794
2025-09-18,0.0053839340950129,0.0053640585
2025-09-19,0.0053454236786518,0.0052032354
2025-09-22,0.0051884897727696,0.0051390715
2025-09-23,0.0045751961344088,0.0050018285
2025-09-24,0.0044970459613116,0.0044236514
2025-09-25,0.0046644943390056,0.004248784
2025-09-26,0.004777136744627,0.0044213925
2025-09-29,0.0047677365773636,0.004576215
2025-09-30,0.0044756332566461,0.0045852335
2025-10-01,0.00402874570821,0.004312721
2025-10-02,0.0039833661396995,0.003857543
2025-10-03,0.0037208735231446,0.003753452
2025-10-06,0.0035840902321833,0.0035413508
2025-10-07,0.0037913212394025,0.0033849967
2025-10-08,0.0038966790812519,0.0035602842
2025-10-09,0.004004504927195,0.0037100809
2025-10-10,0.0072390588416417,0.0038268275
2025-10-13,0.0080105569451269,0.00676841
2025-10-14,0.0079632303484253,0.008103847
2025-10-15,0.007997466803147,0.008068725
2025-10-16,0.0081292277050192,0.00796987
2025-10-17,0.0081433598841271,0.008085145
2025-10-20,0.0083994700621069,0.008121441
2025-10-21,0.0083520819812331,0.008331414
2025-10-22,0.008346398818098,0.008296708
2025-10-23,0.0083966170351414,0.008237435
2025-10-24,0.0084274651502672,0.008255909
2025-10-27,0.0087071429952266,0.008277441
2025-10-28,0.0087054778179492,0.008528127
2025-10-29,0.0086935385783559,0.008563109
2025-10-30,0.0090235326455539,0.008526165
2025-10-31,0.0090322304925913,0.0088223955
2025-11-03,0.0090320090029276,0.008889611
2025-11-04,0.0094229827903732,0.008868894
2025-11-05,0.0094037880639749,0.009225223
2025-11-06,0.0096618259399512,0.009276809
2025-11-07,0.0096491510185298,0.009490779
2025-11-10,0.0079276229528568,0.009513447
2025-11-11,0.0073024476230279,0.007866857
2025-11-12,0.0072742292508123,0.0069606015
2025-11-13,0.008248818836554,0.006926274
2025-11-14,0.0081060103449975,0.007903406
2025-11-17,0.0083154368741031,0.00795246
2025-11-18,0.0081370106567631,0.008061816
2025-11-19,0.0081970773049619,0.007928935
2025-11-20,0.0087822556978802,0.007964774
2025-11-21,0.0089798855517917,0.008544269
2025-11-24,0.0094820695602931,0.00884569
2025-11-25,0.0092897016121812,0.0093209855
2025-11-26,0.0094184205151401,0.009206803
2025-11-28,0.0095056030450519,0.009259936
