Date,rv_21,garch_forecast
2020-09-28,0.0155893058727638,0.06470890728519121
2020-09-29,0.0154753199544621,0.06590042372542429
2020-09-30,0.0156481916978738,0.062419314466711624
2020-10-01,0.0155889315800708,0.06013022994172804
2020-10-02,0.0151506922762708,0.05718337950408842
2020-10-05,0.0138479245145898,0.05593760841188237
2020-10-06,0.0140665554363238,0.059744632647219784
2020-10-07,0.0131308778472702,0.06046710478733572
2020-10-08,0.012524007546413,0.0631036356791725
2020-10-09,0.0118957809298476,0.06067387371157858
2020-10-12,0.0122932821762376,0.058737374444761806
2020-10-13,0.0122203432605477,0.06099071944457892
2020-10-14,0.0123270861349081,0.058242254489293765
2020-10-15,0.0122720998304502,0.05581191690588961
2020-10-16,0.0120705023894313,0.05260027922336405
2020-10-19,0.0124009966879496,0.04954787819655072
2020-10-20,0.0120418513791277,0.053501414018932485
2020-10-21,0.0119289179116731,0.05094481121299397
2020-10-22,0.0103855210131241,0.048136712288241394
2020-10-23,0.0103857774327484,0.046136053469039075
2020-10-26,0.0109911497616389,0.04386749433922036
2020-10-27,0.0105072899357452,0.05099192451534456
2020-10-28,0.0131599960504232,0.04830304019863443
2020-10-29,0.013310434293813,0.07282539654659374
2020-10-30,0.0134600674062597,0.0709646965232908
2020-11-02,0.013651725319553,0.06943504956767003
2020-11-03,0.0136403151842027,0.06808238933931288
2020-11-04,0.0141017305853301,0.06983279800939188
2020-11-05,0.0142237426250394,0.07417344774948702
2020-11-06,0.0141424061465173,0.0760919190686679
2020-11-09,0.0142363581437911,0.0714685525483508
2020-11-10,0.013803243361813,0.06964128683024318
2020-11-11,0.0138115096247351,0.06549468846218676
2020-11-12,0.0139221962955587,0.06275809409529229
2020-11-13,0.014188835805619,0.06112852323904645
2020-11-16,0.0143577754680226,0.0613605844312017
2020-11-17,0.0138270034786945,0.060566657606280716
2020-11-18,0.0141507328469419,0.05749366542205104
2020-11-19,0.0141296935756919,0.057164379891959854
2020-11-20,0.014235850583283,0.054173542436474126
2020-11-23,0.0142592985074534,0.05215048998121839
2020-11-24,0.0137989669886917,0.04993334192869475
2020-11-25,0.0137700613354607,0.053485100348721074
2020-11-27,0.0104616063372537,0.05044936747239012
2020-11-30,0.0105432346918438,0.047704423123184146
2020-12-01,0.0099328790761763,0.04558055396072998
2020-12-02,0.0098341300648989,0.04654467260846046
2020-12-03,0.0094510729682048,0.04400800775563934
2020-12-04,0.0086171018507114,0.041562424784262274
2020-12-07,0.0078760594639669,0.04169093773435832
2020-12-08,0.0078521211589526,0.03951781455480095
2020-12-09,0.0078838278641577,0.037636256396427877
2020-12-10,0.0078816724313192,0.03782969579737586
2020-12-11,0.0077811293324306,0.03587024431114573
2020-12-14,0.0074645093539116,0.034050657208384384
2020-12-15,0.0074108825220025,0.03305098850162886
2020-12-16,0.0070390508211882,0.03745571241073065
2020-12-17,0.0069828493075434,0.03559209753198898
2020-12-18,0.0064239570425115,0.034959873294864593
2020-12-21,0.0065242838858898,0.033634453483082194
2020-12-22,0.006301106189103,0.03254018069588588
2020-12-23,0.006239167098169,0.031104126355902748
2020-12-24,0.0053073723620732,0.02962415435378463
2020-12-28,0.00553722163388,0.028790593839965153
2020-12-29,0.0055860596647025,0.030755575463759535
2020-12-30,0.0054283412665226,0.029500015703727105
2020-12-31,0.0050868249783889,0.028208612532516258
2021-01-04,0.0061729317659631,0.028810672559305632
2021-01-05,0.0063341528572906,0.03622168221586628
2021-01-06,0.0061717174327459,0.0361135486163584
2021-01-07,0.0068597176669859,0.03540675972704152
2021-01-08,0.0069114513941426,0.04091384859025805
2021-01-11,0.0068208111583455,0.03964232909139138
2021-01-12,0.0067946687552676,0.03892475839525764
2021-01-13,0.0067613114992079,0.036846904686350816
2021-01-14,0.0067345174483813,0.035104713007995045
2021-01-15,0.006523645751337,0.033836699025623536
2021-01-19,0.0067077497040044,0.034106259197355326
2021-01-20,0.0071945144597125,0.03483339634801859
2021-01-21,0.007105544498705,0.03966154741465634
2021-01-22,0.0070719749782993,0.0375274346097025
2021-01-25,0.0070227503858143,0.03586993431497954
2021-01-26,0.0070615081995209,0.034494501433600194
2021-01-27,0.0093249936700432,0.03283238564658195
2021-01-28,0.0093721121527527,0.051662767834549476
2021-01-29,0.0103454504509646,0.0510537412889464
2021-02-01,0.010924750389736,0.057223390454286024
2021-02-02,0.0112380747999436,0.059509741291329125
2021-02-03,0.0106440958999422,0.06012366931341909
2021-02-04,0.0107697375867014,0.05654834684029538
2021-02-05,0.0107444304225835,0.055906193063706075
2021-02-08,0.010413677083944,0.05297498352173528
2021-02-09,0.0103832894549481,0.05124259585043126
2021-02-10,0.0102420623811442,0.04831383799339619
2021-02-11,0.0102399126280626,0.045562292821330584
2021-02-12,0.0102636701182694,0.04308077978320467
2021-02-16,0.0102047683594211,0.04136977349291732
2021-02-17,0.0100130387730459,0.039112092550218004
2021-02-18,0.0100055438549901,0.03700674423096811
2021-02-19,0.0096099108471885,0.035750628920905664
2021-02-22,0.0097850483720693,0.03401249194979331
2021-02-23,0.0097572904728063,0.034572903361506147
2021-02-24,0.0100202665237704,0.032859427289244444
2021-02-25,0.0114765657440565,0.036021672609343774
2021-02-26,0.0099231922673613,0.05206843037080615
2021-03-01,0.0109494628971614,0.04962085601847556
2021-03-02,0.010111689046341,0.059862064916419114
2021-03-03,0.0100946365559585,0.05774793088791996
2021-03-04,0.0100645179272548,0.05821410429681682
2021-03-05,0.0109733454181117,0.058823380173890105
2021-03-08,0.0107538588619999,0.06329128693650926
2021-03-09,0.0111872572192775,0.06008864642140193
2021-03-10,0.0111454586067148,0.060766542324451965
2021-03-11,0.011376671639798,0.057926819150629937
2021-03-12,0.0113764410182004,0.056916490381542596
2021-03-15,0.0114511504033346,0.05357695558242432
2021-03-16,0.0114215677946622,0.051481035108741635
2021-03-17,0.0114326411617807,0.04855881146468665
2021-03-18,0.011915562317425,0.04600138610233773
2021-03-19,0.0118767981978689,0.04941327684954558
2021-03-22,0.0119649055025488,0.046583773946285614
2021-03-23,0.0119614153743824,0.045325447150566425
2021-03-24,0.0120279548280735,0.044467917142332794
2021-03-25,0.0118168199923971,0.042868269580374194
2021-03-26,0.0109211344914053,0.0413308702967722
2021-03-29,0.0108373999656444,0.04703372408352618
2021-03-30,0.0096868997463893,0.04438839698101768
2021-03-31,0.0094902242986391,0.04220764840967565
2021-04-01,0.0091512074381015,0.040292221022186374
2021-04-05,0.0087337594318721,0.04242648779599986
2021-04-06,0.008020459146994,0.04608110092529195
2021-04-07,0.0078082667759121,0.043512082384415195
2021-04-08,0.007403846103066,0.04116578651612288
2021-04-09,0.0074508615992112,0.03948881877909812
2021-04-12,0.0072650748658927,0.03930294416077491
2021-04-13,0.0072630450964702,0.037194281791104795
2021-04-14,0.007327991091689,0.035621205178006564
2021-04-15,0.0075481440045539,0.03439983078656409
2021-04-16,0.0075519415578099,0.03705209340320379
2021-04-19,0.0066945604528117,0.03557124970969631
2021-04-20,0.0069896034826485,0.03477739245789994
2021-04-21,0.0070772924132941,0.034733588035478186
2021-04-22,0.0072017280857388,0.0360855185328483
2021-04-23,0.0071614827666507,0.03722267251687265
2021-04-26,0.007157889816884,0.03924497161577173
2021-04-27,0.0065144000246317,0.0372495721430908
2021-04-28,0.0065138243915233,0.035298154839562654
2021-04-29,0.0064431391345386,0.033517840501175115
2021-04-30,0.0068105512822813,0.03358621869764677
2021-05-03,0.0064691213936007,0.03389479306794096
2021-05-04,0.0060812908414877,0.03248617968401735
2021-05-05,0.0060650284128908,0.03266470710690754
2021-05-06,0.006257515341957,0.031078646202054135
2021-05-07,0.006364427967161,0.03227701067565923
2021-05-10,0.0067141528082903,0.03282959410153378
2021-05-11,0.0070200757484588,0.03535231992294128
2021-05-12,0.0084531339806378,0.036264147421976686
2021-05-13,0.0088763097820018,0.048624813264129915
2021-05-14,0.0091479544422093,0.049710168776179814
2021-05-17,0.0091264173153168,0.052437240265966474
2021-05-18,0.0092427088002282,0.04952665125467496
2021-05-19,0.0091462958690829,0.04860818789867878
2021-05-20,0.0092141358251079,0.046056800066691196
2021-05-21,0.0089787236077027,0.04653589969414798
2021-05-24,0.0089216284258671,0.043916212078274994
2021-05-25,0.0089275902132855,0.044317209311298324
2021-05-26,0.0089366513925823,0.0419771208678014
2021-05-27,0.0089367209135566,0.03978257990716569
2021-05-28,0.0088123929575649,0.037681613898373295
2021-06-01,0.0086609306384966,0.03570916493027779
2021-06-02,0.0086467598298751,0.03386900538200164
2021-06-03,0.0085502124158749,0.032238028179083174
2021-06-04,0.0087483378626533,0.031190888571676435
2021-06-07,0.0085848443361557,0.03282220170341656
2021-06-08,0.0084310151398993,0.03122031617300797
2021-06-09,0.0081005841722057,0.02971589889903649
2021-06-10,0.0078744301386373,0.02847574530566388
2021-06-11,0.0059181178514845,0.02817784787801841
2021-06-14,0.005458078539885,0.02709118592504983
2021-06-15,0.0045921170830098,0.026074922278206222
2021-06-16,0.0047374911325718,0.0251875763440735
2021-06-17,0.0042521959377542,0.02567618321350823
2021-06-18,0.0052176364906019,0.02462756256852347
2021-06-21,0.005581492356787,0.031686005436584674
2021-06-22,0.0056485452926337,0.03739698135374745
2021-06-23,0.0052858280805501,0.03633236132978017
2021-06-24,0.0053705267213383,0.034471202572802936
2021-06-25,0.0053931962571481,0.033985851675403814
2021-06-28,0.0054012697165454,0.03269664823927221
2021-06-29,0.0054034149150146,0.03129589261012597
2021-06-30,0.0053931513315771,0.029792960265663856
2021-07-01,0.0054682360996172,0.028484787680663856
2021-07-02,0.0055092258244773,0.028437013881039464
2021-07-06,0.0053228937919354,0.029645281263239738
2021-07-07,0.0053196479768566,0.02845345258077534
2021-07-08,0.0057524835208336,0.02769381096033277
2021-07-09,0.0061195420810136,0.029799162881972038
2021-07-12,0.0060959572632446,0.03353928701738338
2021-07-13,0.0061967127298849,0.03232124696814501
2021-07-14,0.0061958829272132,0.03123888433451798
2021-07-15,0.0062354800149494,0.029795706017915664
2021-07-16,0.0063674422352868,0.028880971265685697
2021-07-19,0.0073855501928369,0.030075656185741217
2021-07-20,0.0073538158266073,0.03830728017297733
2021-07-21,0.0069787741155977,0.04346618407196755
2021-07-22,0.0069308866642665,0.04306079764036187
2021-07-23,0.0071609842884655,0.040774286336531775
2021-07-26,0.0071059877021553,0.041752114562284316
2021-07-27,0.0072303771248267,0.039623554497223046
2021-07-28,0.007233870865697,0.038221297137547655
2021-07-29,0.0072592472164953,0.03618289963751807
2021-07-30,0.0074100601230645,0.03493995701629699
2021-08-02,0.0073729161372291,0.03424962887187561
2021-08-03,0.0074062962099563,0.032645803036104364
2021-08-04,0.0074773866780545,0.03363587065365595
2021-08-05,0.0075468844338328,0.03278683393315536
2021-08-06,0.0072358865945133,0.032581679282702614
2021-08-09,0.0068768745802082,0.031089924379052926
2021-08-10,0.0068483214641372,0.029638660259062807
2021-08-11,0.0067849394851347,0.02830803316018984
2021-08-12,0.0068240301115811,0.027115502481533767
2021-08-13,0.0067565781431296,0.02677046716679822
2021-08-16,0.006457339904413,0.025755156758258815
2021-08-17,0.0054546792652295,0.025048016788943226
2021-08-18,0.0052953380843915,0.02658087845157425
2021-08-19,0.0050221351674267,0.030722754520396585
2021-08-20,0.0052826125283006,0.02932884072616644
2021-08-23,0.0051513074712065,0.0308062528601862
2021-08-24,0.0051407126960271,0.032291798053807136
2021-08-25,0.0049968077392165,0.030795700416934194
2021-08-26,0.0052124945641892,0.029539859308733863
2021-08-27,0.0054537909798395,0.029664464046126982
2021-08-30,0.005295079759121,0.03153424674702579
2021-08-31,0.0052808934262126,0.03077489082064692
2021-09-01,0.0050543723220485,0.02938874102228642
2021-09-02,0.0048922831998854,0.02804119725874445
2021-09-03,0.0047913446410554,0.02717638675306675
2021-09-07,0.0048895160084957,0.026010770805893636
2021-09-08,0.0048972972953176,0.025517876562624046
2021-09-09,0.005041111661741,0.024574835158695855
2021-09-10,0.0053560118022827,0.024743282953974634
2021-09-13,0.0053021974036682,0.026792141737717323
2021-09-14,0.0054385527603907,0.02590610561726806
2021-09-15,0.0057332449730572,0.026480283318918926
2021-09-16,0.0055137531222711,0.0286983183336746
2021-09-17,0.0053571429808527,0.02751013291797565
2021-09-20,0.0065669041889567,0.03006550076498996
2021-09-21,0.0062621264863586,0.039544174227626946
2021-09-22,0.0063396968136868,0.037404473336573464
2021-09-23,0.0069310667967545,0.03849593323558592
2021-09-24,0.0069187359439105,0.04118582154897872
2021-09-27,0.0068307588214533,0.03897425189192575
2021-09-28,0.0078157768125861,0.03713106569188551
2021-09-29,0.0077335895062939,0.048063065662910125
2021-09-30,0.0080434137900149,0.04534320074436617
2021-10-01,0.0085734833332501,0.04683402333896896
2021-10-04,0.0088425800485858,0.0477562510993158
2021-10-05,0.0092812982906546,0.049595214369037015
2021-10-06,0.0093698248414781,0.049599809624666424
2021-10-07,0.0096182368367511,0.04715953105356728
2021-10-08,0.009588584600473,0.04635505868923127
2021-10-11,0.0095604193134153,0.04380894216647571
2021-10-12,0.0095336122697449,0.042772418768698695
2021-10-13,0.0095194857094579,0.0405676867512516
2021-10-14,0.0100959825865302,0.03864208586887055
2021-10-15,0.0102364773800878,0.045401767388166585
2021-10-18,0.0100410599618567,0.04442486818894029
2021-10-19,0.009276304048269,0.04225969504929657
2021-10-20,0.0092661503451433,0.04159464783378168
2021-10-21,0.0091095931303192,0.03972514765688003
2021-10-22,0.0088041470269223,0.03786625135694283
2021-10-25,0.0088413765469927,0.03588636552942532
2021-10-26,0.008795427645377,0.034839329367647116
2021-10-27,0.007399119604432,0.03317248446589153
2021-10-28,0.0075827574304796,0.032524717035450616
2021-10-29,0.0068218621658522,0.03461603128819855
2021-11-01,0.006558684825607,0.032990179889906275
2021-11-02,0.0054697083320678,0.031473931699584644
2021-11-03,0.0052812681993015,0.03051217742617498
2021-11-04,0.0052818660329558,0.03082050334655774
2021-11-05,0.0051615621943804,0.03008953777994367
2021-11-08,0.0050601230856894,0.02928173951164286
2021-11-09,0.0047663358527075,0.027965865505176095
2021-11-10,0.0052676870039117,0.027301437683733977
2021-11-11,0.0052978530380552,0.02925266530014957
2021-11-12,0.0043649325613332,0.02792021343398242
2021-11-15,0.0042497055488765,0.029044871583545406
2021-11-16,0.0042577574913917,0.027716308329994735
2021-11-17,0.0042112941010834,0.027201536511203855
2021-11-18,0.004205421366575,0.02635452774063818
2021-11-19,0.0042487823322119,0.025818766195149813
2021-11-22,0.0043383685287621,0.024858335751874103
2021-11-23,0.004272350471852,0.024422980777265017
2021-11-24,0.0042765858406171,0.023629522893894098
2021-11-26,0.0067076902145249,0.02305103408597597
2021-11-29,0.0069737087177047,0.042854563639896724
2021-11-30,0.0081844400909359,0.045568441685353255
2021-12-01,0.0085378854687698,0.05279836693956935
2021-12-02,0.0091098535980393,0.05319088153366529
2021-12-03,0.0091190840958878,0.05489850420935888
2021-12-06,0.0094816281213636,0.053357630477418067
2021-12-07,0.0105386766761058,0.05354174866880839
2021-12-08,0.0105598938771048,0.06014536338276817
2021-12-09,0.010651746456124,0.05667067776933417
2021-12-10,0.0106834080944551,0.05448039612580596
2021-12-13,0.0108973952488048,0.053427996640892
2021-12-14,0.0108975617896431,0.052342852358362106
2021-12-15,0.0114929143316489,0.050672462307015484
2021-12-16,0.0116260617638215,0.05429617716950675
2021-12-17,0.0118227264837395,0.052944425597697346
2021-12-20,0.0120086986179612,0.0524696640445536
2021-12-21,0.0127060262054843,0.052645510174413435
2021-12-22,0.0128956854693789,0.056998487239043764
2021-12-23,0.0129604858871103,0.05595575058885007
2021-12-27,0.0132829926514833,0.05351187057301508
2021-12-28,0.0121218999664641,0.054921056233930225
2021-12-29,0.0118487777142714,0.05164610071186252
2021-12-30,0.0109386601386375,0.04863335506304914
2021-12-31,0.0105230847175216,0.046035239137989625
2022-01-03,0.0102318091080225,0.04357694240883104
2022-01-04,0.0099605144933274,0.04233731770053029
2022-01-05,0.0108350697338637,0.03995447886863818
2022-01-06,0.0098863944265232,0.04909098500859181
2022-01-07,0.0099013080269691,0.046243653968516436
2022-01-10,0.0097777950777625,0.044058480298213444
2022-01-11,0.0097594628604147,0.04161598177436684
2022-01-12,0.0095433714528075,0.04191063549409107
2022-01-13,0.0099419046273448,0.03981790892795914
2022-01-14,0.0092496376669203,0.04407322170256427
2022-01-18,0.0099109642130537,0.04159115618703111
2022-01-19,0.0098831575671923,0.04921499949795901
2022-01-20,0.0098645334882978,0.04888084682515105
2022-01-21,0.0096700639146511,0.04932771837572699
2022-01-24,0.0093105847497985,0.055592262314075026
2022-01-25,0.0092694020160795,0.052435709903781345
2022-01-26,0.0083743384089458,0.05307207837152453
2022-01-27,0.0083349281840577,0.049971575014345536
2022-01-28,0.0103914439549265,0.04782409468547517
2022-01-31,0.0114896914504022,0.0592403231481413
2022-02-01,0.0116767753311015,0.06321020741563577
2022-02-02,0.0118060988058139,0.06033088294501082
2022-02-03,0.012783357721645,0.05861290438161218
2022-02-04,0.0123344471493182,0.06780847648139753
2022-02-07,0.0123366727300806,0.06413437647206699
2022-02-08,0.0125394367738714,0.06048552870907737
2022-02-09,0.0130182242742714,0.058361076473010025
2022-02-10,0.0133378380714031,0.05948319585578872
2022-02-11,0.0137821816559961,0.06307418614724655
2022-02-14,0.0135462720973249,0.06668938267803927
2022-02-15,0.0141135455808711,0.06287195910145645
2022-02-16,0.0136013624648368,0.06411949254741836
2022-02-17,0.0141978520044619,0.06019885983340914
2022-02-18,0.014092779952385,0.06611278221814569
2022-02-22,0.0136625981262913,0.06309730398643637
2022-02-23,0.0141523311453079,0.06144062814990621
2022-02-24,0.0144076247272529,0.06491347608867609
2022-02-25,0.0152440186365974,0.06539832096188204
2022-02-28,0.0152016226208049,0.07088040333551537
2022-03-01,0.0145818246459232,0.06658619281297827
2022-03-02,0.0145654689508298,0.06728773729633833
2022-03-03,0.0144631061450039,0.069725306349509
2022-03-04,0.014277467671286,0.06594043232382278
2022-03-07,0.014721180472304,0.06317882814730336
2022-03-08,0.0146252000559384,0.07630787050821955
2022-03-09,0.0159350683514971,0.07246903358408327
2022-03-10,0.015752236036208,0.0792068030115724
2022-03-11,0.0153836188187691,0.07454717658515829
2022-03-14,0.015064369182979,0.07295368686434668
2022-03-15,0.0155504548479701,0.06944376064352148
2022-03-16,0.0163836459130392,0.07345217498223122
2022-03-17,0.0162336148042587,0.07747812317933084
2022-03-18,0.0164506074371457,0.0752403924645496
2022-03-21,0.015714702943736,0.07294596149176345
2022-03-22,0.0157565109885767,0.06840735053790133
2022-03-23,0.0158449109451714,0.06665431423890733
2022-03-24,0.015361109837111,0.0655973531813806
2022-03-25,0.015137216241142,0.06565156680478845
2022-03-28,0.0145180116409847,0.06213896867164684
2022-03-29,0.0146429581074207,0.059441532135185986
2022-03-30,0.014195605489457,0.05914380572082593
2022-03-31,0.0143162988534919,0.05646208643900419
2022-04-01,0.0142350322735974,0.05877658907026512
2022-04-04,0.0141058417022777,0.055479668671478174
2022-04-05,0.012515885875565,0.053717917618384424
2022-04-06,0.0126352816063481,0.0544133050801726
2022-04-07,0.0115983142791666,0.053491926513266626
2022-04-08,0.0115561485091694,0.05075409122503998
2022-04-11,0.0118521387653777,0.047937289245194185
2022-04-12,0.0117183557103844,0.05274687756750627
2022-04-13,0.0111053446640416,0.04991415690717345
2022-04-14,0.0105071366939894,0.0502344276812142
2022-04-18,0.0101475434027872,0.05116163103797318
2022-04-19,0.0104397282434666,0.0481433652346213
2022-04-20,0.0104401797623423,0.05200984429774852
2022-04-21,0.0105855717066439,0.04894470858597747
2022-04-22,0.0118918614796251,0.0518501614556568
2022-04-25,0.0114451309231486,0.06636324623334777
2022-04-26,0.0126351240268862,0.06293761124014538
2022-04-27,0.0124599971020185,0.07472650999470659
2022-04-28,0.0135121153751575,0.07013309970070378
2022-04-29,0.0153421446574599,0.0765794180776874
2022-05-02,0.0153118310059652,0.09319066425860775
2022-05-03,0.0153498152696955,0.08770104657153203
2022-05-04,0.0168292112161224,0.08249823305894038
2022-05-05,0.0182380717399775,0.09061049504178989
2022-05-06,0.0181970604474272,0.10303979545163659
2022-05-09,0.0191163414367875,0.09684279308910444
2022-05-10,0.019189621009896,0.10473732654879989
2022-05-11,0.019177164927242,0.09807634686414277
2022-05-12,0.0191940195066407,0.09561112197479624
2022-05-13,0.0199088884735285,0.08953302900389568
2022-05-16,0.0198355596472174,0.09202296872342915
2022-05-17,0.0205235998449044,0.08640144730207469
2022-05-18,0.021594247466971,0.08705829405557101
2022-05-19,0.0215576989632273,0.10510034180788155
2022-05-20,0.0215109287440895,0.09880958996477385
2022-05-23,0.0214760664791703,0.09250460785384101
2022-05-24,0.0213941837352858,0.091524195779227
2022-05-25,0.0208211909422396,0.08670787336244619
2022-05-26,0.0213537936339024,0.08261270279936493
2022-05-27,0.0213535191943806,0.08361529958073696
2022-05-31,0.019796104741001,0.08762684831657315
2022-06-01,0.0198165455020785,0.0827009127638059
2022-06-02,0.0202142993183956,0.07841837562541346
2022-06-03,0.0193380829816176,0.07913346819574846
2022-06-06,0.0177037552126033,0.07874378331360983
2022-06-07,0.017781803025934,0.07396695792691385
2022-06-08,0.0163405885843641,0.07099105696663588
2022-06-09,0.0172605696045953,0.06881101285189824
2022-06-10,0.0181009821770648,0.07525759805003665
2022-06-13,0.0200163520852127,0.08500303727529779
2022-06-14,0.0191216303133369,0.10186926962579622
2022-06-15,0.0195210161321592,0.09555412269350413
2022-06-16,0.0198730849882162,0.09245951960128791
2022-06-17,0.0181166245946662,0.10158191321697754
2022-06-21,0.0190515849852288,0.09516813205335743
2022-06-22,0.0190472270195837,0.09722145855732817
2022-06-23,0.0186719890539369,0.09106704090276904
2022-06-24,0.0198872096672578,0.08665315817481535
2022-06-27,0.0197663499272743,0.094480222325943
2022-06-28,0.0196063579939747,0.08862141323271697
2022-06-29,0.0185976832388372,0.08921628381373085
2022-06-30,0.018620768898657,0.08359087410562072
2022-07-01,0.0188724130339099,0.07959382576442864
2022-07-05,0.0182598417921939,0.07647983908219096
2022-07-06,0.0181041095670995,0.07173264361939195
2022-07-07,0.0184843656140866,0.06749333808658718
2022-07-08,0.018283416571016,0.06767235185600988
2022-07-11,0.0182998757883623,0.06347574218027367
2022-07-12,0.0177282737997698,0.062418221483811896
2022-07-13,0.0166198917071919,0.06045088477415516
2022-07-14,0.0141350356702207,0.05718286323216758
2022-07-15,0.0146546845771982,0.053891600808649714
2022-07-18,0.0144985743839268,0.05922656388707668
2022-07-19,0.0134530859482547,0.05723102731851309
2022-07-20,0.013460859446497,0.06932026276243883
2022-07-21,0.012703950404088,0.0657175338071452
2022-07-22,0.0129563093379863,0.06365506693181025
2022-07-25,0.0128579601897133,0.061621035218329956
2022-07-26,0.0114614815698795,0.057904210336232366
2022-07-27,0.0127261746378036,0.0575020893641862
2022-07-28,0.0118832946470762,0.06805188938373813
2022-07-29,0.0120883731601334,0.06671974039040207
2022-08-01,0.0118466950930215,0.06657220160076205
2022-08-02,0.0119694779559298,0.06265153185781655
2022-08-03,0.0122581364300612,0.05980108872381971
2022-08-04,0.0122999763094564,0.061427618854274044
2022-08-05,0.0120734922064944,0.057711563547527434
2022-08-08,0.0120800688254044,0.05429834197135853
2022-08-09,0.011742757398775,0.051092829019898166
2022-08-10,0.0119941669002048,0.04855086734609627
2022-08-11,0.0118787995119281,0.056832765867422856
2022-08-12,0.0120289494245722,0.05344051263942843
2022-08-15,0.0116433418253137,0.0572824115878422
2022-08-16,0.0112586335161666,0.05422087365532521
2022-08-17,0.0104215482026824,0.05108859137588955
2022-08-18,0.0104173277383575,0.0494689182215506
2022-08-19,0.0109284522374992,0.04671958625332418
2022-08-22,0.0118883510914696,0.04868164637012513
2022-08-23,0.0119249591620673,0.057418598082605285
2022-08-24,0.0115160901308076,0.05410117561574287
2022-08-25,0.0105742464338812,0.051110832068422304
2022-08-26,0.0129447943649832,0.0530469161972452
2022-08-29,0.0125882321489806,0.07408757789955617
2022-08-30,0.0127706307232344,0.07031476398455623
2022-08-31,0.0127964770480545,0.06833178996793221
2022-09-01,0.012237846534871,0.06536202847945058
2022-09-02,0.0123737430114528,0.061573188051851226
2022-09-06,0.0123749506730474,0.06036788518381574
2022-09-07,0.0131956140327285,0.057115687936605805
2022-09-08,0.0133096438288919,0.06103245930552316
2022-09-09,0.0128666996160118,0.0583138076179136
2022-09-12,0.013138348173919,0.059916534692405474
2022-09-13,0.0154845701386419,0.05876857332201939
2022-09-14,0.0154701009987038,0.08962063801431186
2022-09-15,0.0154863423923554,0.08416507096507074
2022-09-16,0.0154858813602385,0.08099391099202415
2022-09-19,0.0156199129865391,0.07684131980115749
2022-09-20,0.0155790920306879,0.07292815462950704
2022-09-21,0.0153651042672259,0.07080489911267271
2022-09-22,0.0153857401239396,0.07194743258306037
2022-09-23,0.0155348616327465,0.06888091129263468
2022-09-26,0.0149078597571867,0.07036567872240089
2022-09-27,0.0135105310664437,0.0681164574286955
2022-09-28,0.0145234190804537,0.06406563565970548
2022-09-29,0.0149464134938668,0.06772603733008238
2022-09-30,0.015117657905206,0.07213327625386266
2022-10-03,0.0164338180681061,0.0719118208086202
2022-10-04,0.0178981375013811,0.078849032578537
2022-10-05,0.0178896068077214,0.08823797064063482
2022-10-06,0.0173922313090483,0.08279609185714043
2022-10-07,0.0180992731349462,0.07938483733440543
2022-10-10,0.0175311508978447,0.087186556588615
2022-10-11,0.0171348132106396,0.08263784856023598
2022-10-12,0.0147957156711122,0.0782210335439882
2022-10-13,0.016126466619582,0.07359098334418948
2022-10-14,0.0166596016625006,0.08026071873637615
2022-10-17,0.0178875150317919,0.08443396669612613
2022-10-18,0.0180319521218497,0.08950891224831578
2022-10-19,0.01794322555848,0.0858701234455844
2022-10-20,0.0176612380980445,0.08124577646308738
2022-10-21,0.0183974027421437,0.07728160159942864
2022-10-24,0.0181244862669298,0.08159361719535153
2022-10-25,0.0181913489950472,0.07883458102355255
2022-10-26,0.0182962200815777,0.07832046443922071
2022-10-27,0.017945825081271,0.07444150647588531
2022-10-28,0.0178543479037954,0.07054817019014224
2022-10-31,0.0175321860778139,0.07676208182371576
2022-11-01,0.0168620447490638,0.07302694349397708
2022-11-02,0.0166174952615341,0.06887151716838877
2022-11-03,0.0167655424790608,0.07623388681568669
2022-11-04,0.0168966075489498,0.07353891707768355
2022-11-07,0.0156540784332912,0.07232545459014243
2022-11-08,0.0155103192640161,0.06959925052089797
2022-11-09,0.0162471397645896,0.06596693117771411
2022-11-10,0.0197305750784912,0.07042461689906768
2022-11-11,0.0191811334473595,0.10844849119095964
2022-11-14,0.0183500234953708,0.1026892172173843
2022-11-15,0.0177162618543257,0.09733188346827158
2022-11-16,0.0178208987096354,0.09232221961828199
2022-11-17,0.0177404825284103,0.08760760498929174
2022-11-18,0.0175581772197689,0.08235756304570907
2022-11-21,0.0170294857639104,0.07767221161670453
2022-11-22,0.0170794859900384,0.07318521644591904
2022-11-23,0.0168154255602662,0.07200141700949984
2022-11-25,0.0166866336947804,0.06826833027016636
2022-11-28,0.0170506790464903,0.06412595086610673
2022-11-29,0.016267659692475,0.06517286585455477
2022-11-30,0.0173853772880722,0.061289151996393884
2022-12-01,0.0173381460303424,0.07530994298550495
2022-12-02,0.0161510105281948,0.0707504154858359
2022-12-05,0.0165582969172128,0.06650432556433665
2022-12-06,0.0168323420143275,0.06876847351537063
2022-12-07,0.0167637539497862,0.0686024203026758
2022-12-08,0.0167918258557301,0.06454222086619844
2022-12-09,0.0161228694871034,0.06183507366424615
2022-12-12,0.0113952096806172,0.05931974817153437
2022-12-13,0.011328214785575,0.060178378092402854
2022-12-14,0.0112263373782807,0.057770713710182366
2022-12-15,0.0123661606100427,0.055208154610406075
2022-12-16,0.0124660793719019,0.06561542580003066
2022-12-19,0.0125762061448758,0.06419722450764148
2022-12-20,0.0125087312677826,0.062051698287606386
2022-12-21,0.013002016580757,0.0583953042950132
2022-12-22,0.0128933482309244,0.05972676642250251
2022-12-23,0.0128918968466353,0.060747949988583606
2022-12-27,0.0128900373751469,0.057903733574122554
2022-12-28,0.0127339187708174,0.054880823977053454
2022-12-29,0.0134297562273999,0.05512095320647248
2022-12-30,0.0112815333025488,0.058702592409602974
2023-01-03,0.0112741418634849,0.05540044349043343
2023-01-04,0.011503258242787,0.05255744920873577
2023-01-05,0.0111559910520121,0.05092953643284259
2023-01-06,0.0120331228632473,0.0514651813874643
2023-01-09,0.012029565607382,0.060248904685600464
2023-01-10,0.0120121797231644,0.056715202589075114
2023-01-11,0.0122406390186593,0.054527339549293265
2023-01-12,0.0118551462009073,0.055189679622281766
2023-01-13,0.0117748845145891,0.052265271937877555
2023-01-17,0.0117077465888212,0.04966181547529497
2023-01-18,0.0108331905036255,0.04694194106122745
2023-01-19,0.0106702076301512,0.05077493043537091
2023-01-20,0.0111308594889982,0.04938333376894005
2023-01-23,0.0113357816777763,0.05519157963906622
2023-01-24,0.0109904221598429,0.05523735501079534
2023-01-25,0.0103586402449033,0.05204835873126274
2023-01-26,0.0105033316311237,0.04906659658190047
2023-01-27,0.010392461922359,0.049409024248466035
2023-01-30,0.0104636345761122,0.04677257073435966
2023-01-31,0.0102881628341848,0.04872542036567399
2023-02-01,0.010343780653324,0.05137725071842098
2023-02-02,0.0104778268292339,0.05114469453135538
2023-02-03,0.0109180720576016,0.05344119557625271
2023-02-06,0.0105966524744158,0.05297508198954438
2023-02-07,0.0099150933084244,0.05086715769272597
2023-02-08,0.0103696388756579,0.05203913317310263
2023-02-09,0.0106158846972188,0.052113464062493633
2023-02-10,0.0103229497317339,0.05108123565728005
2023-02-13,0.0105437704665108,0.04829082707474441
2023-02-14,0.0105407714924982,0.048978801680664305
2023-02-15,0.010509967442602,0.046211598824136065
2023-02-16,0.0103662918270874,0.043850438654220565
2023-02-17,0.0101935126869358,0.0468724129646313
2023-02-21,0.0105645053193703,0.04446583703712584
2023-02-22,0.0102335895339976,0.05276451467953738
2023-02-23,0.0103069501305343,0.0498015573289062
2023-02-24,0.0105606515726488,0.047722730411698
2023-02-27,0.0102676051470189,0.04803813474300147
2023-02-28,0.0102464832877895,0.04559829389607216
2023-03-01,0.0099205267378851,0.043335851248129706
2023-03-02,0.0094886480385065,0.04163888095020763
2023-03-03,0.0099003056483635,0.04114674706346339
2023-03-06,0.0092595381224049,0.0463940130862673
2023-03-07,0.0095616011881518,0.043828201192893185
2023-03-08,0.0095301482523339,0.04803393836649996
2023-03-09,0.0096567469348125,0.04539631667003059
2023-03-10,0.009831314419889,0.05195603872986329
2023-03-13,0.0097446599962685,0.05411356016245405
2023-03-14,0.0105559732201667,0.05105484610481088
2023-03-15,0.0101417319859508,0.05460230138540146
2023-03-16,0.0110639210309261,0.05262601607471925
2023-03-17,0.011173353674515,0.05669566840387982
2023-03-20,0.0111410635982684,0.05619007441062046
2023-03-21,0.0115780038972505,0.05475287334023952
2023-03-22,0.011297422355377,0.05545565556697969
2023-03-23,0.0113239777676196,0.0584394201777309
2023-03-24,0.011332111814957,0.0552294297441894
2023-03-27,0.0110990038289607,0.052789138664666516
2023-03-28,0.0110829396086437,0.049834831925804166
2023-03-29,0.011484116848891,0.047079876489244735
2023-03-30,0.0114634796007921,0.04971457004961219
2023-03-31,0.0117438872782427,0.047754508991970264
2023-04-03,0.0112812023503377,0.050411788591607505
2023-04-04,0.0113766881071912,0.047908893491864786
2023-04-05,0.010799214834484,0.046140076012677
2023-04-06,0.0108113568098284,0.04375283420693764
2023-04-10,0.0098005771590238,0.04173371144522649
2023-04-11,0.009034425260528,0.039502909445353056
2023-04-12,0.0091173964578903,0.03739443746454503
2023-04-13,0.0089064943160387,0.03603571109825328
2023-04-14,0.0087009228808096,0.04001879760736796
2023-04-17,0.0080458233473496,0.038025492663800765
2023-04-18,0.0074576141681228,0.03640651595535532
2023-04-19,0.0073487134792998,0.03455502018041892
2023-04-20,0.0071497918766381,0.03280983957699156
2023-04-21,0.0058353018546798,0.03259446545352404
2023-04-24,0.0058417477793014,0.03102799909557649
2023-04-25,0.0069943404147203,0.029575262124420073
2023-04-26,0.0070787644983193,0.03781113218407542
2023-04-27,0.008109529761621,0.03634887238106019
2023-04-28,0.0077593337074742,0.046046788591827426
2023-05-01,0.0077139039884748,0.04537345083036665
2023-05-02,0.0076118072228529,0.04286358837145635
2023-05-03,0.0077186865603155,0.044490574590758364
2023-05-04,0.0077750652472207,0.043471078153709555
2023-05-05,0.0087647973645498,0.04264764661971435
2023-05-08,0.0087370583240499,0.04957891882556254
2023-05-09,0.0088022332990425,0.046774745545105585
2023-05-10,0.0088531867017759,0.044753959476428413
2023-05-11,0.0088073482400634,0.04287188189244032
2023-05-12,0.0083161056336285,0.04063049815698348
2023-05-15,0.0083335044649995,0.03854139699532817
2023-05-16,0.0084089355898694,0.03681479743041506
2023-05-17,0.0088259509635617,0.036340594912517496
2023-05-18,0.0090586509838433,0.039173734797727754
2023-05-19,0.0089503271806237,0.03994265592715698
2023-05-22,0.0089510165593064,0.03789210590440334
2023-05-23,0.0093232210825356,0.03592205907729866
2023-05-24,0.0087555962049146,0.038433375728205314
2023-05-25,0.0088717325057958,0.03820821842870885
2023-05-26,0.0083035652757857,0.03871910381886044
2023-05-30,0.0081282053186299,0.0419661327064256
2023-05-31,0.008251927538688,0.0397023353826844
2023-06-01,0.0080450223060746,0.0388140180847644
2023-06-02,0.0083118311756821,0.039872689266842905
2023-06-05,0.0080904716081928,0.04404611921813464
2023-06-06,0.0072281647233922,0.04175293649277291
2023-06-07,0.0073236070522689,0.0396787037279787
2023-06-08,0.0072547759677126,0.03805714110634971
2023-06-09,0.0072338535831038,0.03735458156135385
2023-06-12,0.0073623233808937,0.0354717576003881
2023-06-13,0.0073690640423459,0.03669633169340584
2023-06-14,0.0073807874632387,0.03646552832628595
2023-06-15,0.0073515299479894,0.03462647074566333
2023-06-16,0.0072546007536122,0.0379917479436818
2023-06-20,0.0072667456513505,0.03647798212187811
2023-06-21,0.007406449291911,0.03540723106990661
2023-06-22,0.0074043286690454,0.03462082679381339
2023-06-23,0.0071150807688142,0.033404462993998
2023-06-26,0.0069477080002139,0.03398295680699339
2023-06-27,0.0070919693734239,0.03306629811164314
2023-06-28,0.0066973331530135,0.0361789463325279
2023-06-29,0.0067050248973376,0.03434411961187311
2023-06-30,0.0067707095134455,0.033382577127882146
2023-07-03,0.0065958003311215,0.03706509498602402
2023-07-05,0.0060721439498479,0.03520903568127234
2023-07-06,0.0063887648819751,0.03358552977287441
2023-07-07,0.0064556587924178,0.03428680302232843
2023-07-10,0.0063527193219203,0.03289826437773405
2023-07-11,0.0063737779470411,0.03153070922067004
2023-07-12,0.0064964778894561,0.031834165863527164
2023-07-13,0.0064509114992934,0.03245469819672856
2023-07-14,0.0063711628496466,0.0336033667109732
2023-07-17,0.0063900886329052,0.031998068150229604
2023-07-18,0.0060636938851734,0.031064298392693885
2023-07-19,0.0059545096080478,0.03162776732627748
2023-07-20,0.0060790765650557,0.030356758079948015
2023-07-21,0.005884922038248,0.030845652257766382
2023-07-24,0.0058904787917801,0.029413794325178003
2023-07-25,0.0054718985358635,0.02878830121232738
2023-07-26,0.0052792473080365,0.027861694213058008
2023-07-27,0.0052198914706966,0.02665703365128858
2023-07-28,0.0054859033699092,0.027480766408834414
2023-07-31,0.0054625509901886,0.030491275309742185
2023-08-01,0.0050267097818315,0.029172526671993732
2023-08-02,0.0060316454242607,0.028178109184286863
2023-08-03,0.0060454067263002,0.034687087659226894
2023-08-04,0.0058842408422825,0.0331994453797474
2023-08-07,0.0060884928079034,0.0326626710975802
2023-08-08,0.0061980733855192,0.034124229599339084
2023-08-09,0.0062868773983831,0.03310821374331256
2023-08-10,0.0060743488338154,0.03338596094570894
2023-08-11,0.0057575299723002,0.031760860446026926
2023-08-14,0.0059128408821016,0.030304118403567462
2023-08-15,0.0063359129124835,0.030273089113585266
2023-08-16,0.0062182940109782,0.03412927354293065
2023-08-17,0.0062870791988355,0.0345495909429899
2023-08-18,0.0062053486568389,0.03500063223710586
2023-08-21,0.0064732852163513,0.03325343002381338
2023-08-22,0.0063544100988638,0.03340565733193036
2023-08-23,0.0068783690610339,0.032075020225310405
2023-08-24,0.0073620887929435,0.035048683575613464
2023-08-25,0.0075245597496671,0.039481169085103233
2023-08-28,0.0072941682010932,0.038845582047545464
2023-08-29,0.0080689456592543,0.03809091125468816
2023-08-30,0.0081243423108493,0.042587230999721525
2023-08-31,0.0075404805548211,0.040727028677942104
2023-09-01,0.007528362473013,0.03864178434767756
2023-09-05,0.0074918791282895,0.03673697568145718
2023-09-06,0.007365529030551,0.03547822861123929
2023-09-07,0.007343646393133,0.035428482792872265
2023-09-08,0.0071972347879457,0.03402603732522417
2023-09-11,0.0073493852439099,0.03243071230521824
2023-09-12,0.0074584374247806,0.03260734858490079
2023-09-13,0.0073486706873921,0.032300661017400305
2023-09-14,0.0070920984668571,0.030818893115835702
2023-09-15,0.0074288063862832,0.032188538252820656
2023-09-18,0.0071851491924502,0.0361316208886508
2023-09-19,0.007213008348874,0.03432235685811527
2023-09-20,0.0074032069611872,0.03280305074501172
2023-09-21,0.0082267746884776,0.034531421894935986
2023-09-22,0.0077881934930263,0.04178372154973735
2023-09-25,0.0073323569166047,0.03970621442576003
2023-09-26,0.0077794398667169,0.038139245631084714
2023-09-27,0.0075903546668646,0.04297242707743632
2023-09-28,0.0068783285814911,0.04065179566392035
2023-09-29,0.0067412478612054,0.03957874777624697
2023-10-02,0.0067618106458008,0.03774362092468505
2023-10-03,0.0071303327706257,0.035804441851206285
2023-10-04,0.0075293888225523,0.040287029275989386
2023-10-05,0.0074629015364882,0.04019307718950528
2023-10-06,0.0080578670075105,0.03813171732656214
2023-10-09,0.008215802581502,0.04054471739207397
2023-10-10,0.0081485705971199,0.03963631153510793
2023-10-11,0.0081754637726176,0.03842556965435473
2023-10-12,0.0082403308231056,0.037045735368143186
2023-10-13,0.0079691466589794,0.03649125674693839
2023-10-16,0.0080434135203429,0.03552190278829572
2023-10-17,0.0080375105704182,0.03753613134854564
2023-10-18,0.0084959176552583,0.035614413884224864
2023-10-19,0.0084546910543927,0.039840330908415586
2023-10-20,0.0081437443093394,0.040022070032305346
2023-10-23,0.0081406335924981,0.042762085324508335
2023-10-24,0.0082722601876048,0.04054892792134809
2023-10-25,0.008239113295135,0.04003493123070261
2023-10-26,0.0085690782638668,0.044122775409172504
2023-10-27,0.0084218287386339,0.04568321932355885
2023-10-30,0.0089553073119722,0.043826556136388986
2023-10-31,0.0091133853107073,0.04545195466687591
2023-11-01,0.0089506311286823,0.04412979265265123
2023-11-02,0.0096920756754985,0.0448111034438755
2023-11-03,0.0098647362854938,0.05145623473818067
2023-11-06,0.0095622662888848,0.050704225771834976
2023-11-07,0.0094896745958669,0.047926798215581504
2023-11-08,0.0094291605757822,0.04548366520285082
2023-11-09,0.0095525377232259,0.043024705712259935
2023-11-10,0.0100433747245821,0.042633210982667466
2023-11-13,0.0099648103657849,0.04703776858456683
2023-11-14,0.0105198321601034,0.0444622846004234
2023-11-15,0.0105149804571899,0.051361011234832804
2023-11-16,0.0099488761813843,0.04853164660504935
2023-11-17,0.009651736341001,0.04587443741106792
2023-11-20,0.0090426575933458,0.04341115981920955
2023-11-21,0.0090526060110058,0.042645897606751804
2023-11-22,0.0090133226251195,0.04048419497814412
2023-11-24,0.0080783833525418,0.03886714253301266
2023-11-27,0.0073548562390517,0.03685747245835619
2023-11-28,0.007090769031394,0.035110124967211706
2023-11-29,0.0069998926348093,0.033388662323323506
2023-11-30,0.0069810516597803,0.0317896104594079
2023-12-01,0.0068415955217929,0.030849556051938055
2023-12-04,0.0062225657638045,0.030812419410777597
2023-12-05,0.0060671636302786,0.03058310241436374
2023-12-06,0.0062136359048447,0.029177527549430225
2023-12-07,0.0063478693807638,0.02853667816464103
2023-12-08,0.0063544334373834,0.02998880012391572
2023-12-11,0.0058890388692541,0.029328485534128375
2023-12-12,0.0051605405081618,0.028676598787470593
2023-12-13,0.0056423620889379,0.028339470839085217
2023-12-14,0.0043270419927435,0.034417482255748436
2023-12-15,0.004356201398899,0.032977220060746694
2023-12-18,0.0043767971616084,0.031387045979871006
2023-12-19,0.0044319586590977,0.030738942191423608
2023-12-20,0.0056998251487691,0.030710342780018135
2023-12-21,0.0059386975009137,0.037310905663047095
2023-12-22,0.0059230913154932,0.038855036945651365
2023-12-26,0.0059321994821174,0.03691700723751262
2023-12-27,0.0058592088151058,0.035648660817669084
2023-12-28,0.0058678894180742,0.033933958535181837
2023-12-29,0.0059345137685572,0.032279831842496255
2024-01-02,0.0061661944337855,0.031060904295386025
2024-01-03,0.0064479052463744,0.030915786157211227
2024-01-04,0.0063608796009688,0.03204928451335379
2024-01-05,0.0063485912843063,0.030998949866617137
2024-01-08,0.0067969267982774,0.029698985040120873
2024-01-09,0.006708940545779,0.03581520982733624
2024-01-10,0.006744821434629,0.03409445780662474
2024-01-11,0.006747710320853,0.033600406210975334
2024-01-12,0.0067145627957022,0.03198643778647364
2024-01-16,0.0061910468605418,0.03050003565041641
2024-01-17,0.0063160860733025,0.0296824553718961
2024-01-18,0.0065859081329211,0.02967954909076148
2024-01-19,0.0070158748318166,0.03147023960645485
2024-01-22,0.0069340495051385,0.03555181987835662
2024-01-23,0.0059480145790999,0.03394623955553818
2024-01-24,0.0056134272833357,0.03260831720248524
2024-01-25,0.0056820606829152,0.03107976909549604
2024-01-26,0.0056595332686173,0.030747517253508244
2024-01-29,0.0058288040698998,0.029352740511838626
2024-01-30,0.0058415154513994,0.030401651869942935
2024-01-31,0.0069526412499002,0.02903115967931133
2024-02-01,0.0072317380029159,0.03754218571750029
2024-02-02,0.007131923580811,0.04054561186170883
2024-02-05,0.007122007021058,0.0418355497903762
2024-02-06,0.0071204477417311,0.03991081034424645
2024-02-07,0.0067557151694559,0.03798798676112616
2024-02-08,0.0067136751200531,0.038236384326795214
2024-02-09,0.0067155573151336,0.03627847046264506
2024-02-12,0.0067221076952987,0.03558717398535811
2024-02-13,0.0075857972687722,0.03384641753504324
2024-02-14,0.0076663282259439,0.03867768069647768
2024-02-15,0.0074794319021689,0.039567595683671214
2024-02-16,0.0075277527746979,0.03857651888608429
2024-02-20,0.0073614555857597,0.037344443866415444
2024-02-21,0.0073587243699855,0.03666060953186612
2024-02-22,0.0085154489222872,0.034865718635210326
2024-02-23,0.0085196361786756,0.04643893823218498
2024-02-26,0.0085812447967276,0.04389165701246641
2024-02-27,0.0085646654344135,0.04194369820214412
2024-02-28,0.0084911605999452,0.039807830190376155
2024-02-29,0.008519119276859,0.03782565387801284
2024-03-01,0.0075654740818344,0.03679943245472891
2024-03-04,0.0072762350387255,0.037074032872136196
2024-03-05,0.0074806050050158,0.03524975820444111
2024-03-06,0.0074600650884538,0.03709168415872105
2024-03-07,0.0076987719674505,0.036105387467723064
2024-03-08,0.0077687294307287,0.03781281126158079
2024-03-11,0.0077844791296737,0.03729810100563031
2024-03-12,0.0080300483045233,0.03545257834509495
2024-03-13,0.0080470787763803,0.03787250123711112
2024-03-14,0.0073448177281047,0.036067187065909605
2024-03-15,0.0073407952960108,0.03455802454190606
2024-03-18,0.0073574026427361,0.034383516511233184
2024-03-19,0.0072889504659443,0.03413622133568553
2024-03-20,0.0072324337325884,0.033634278767752275
2024-03-21,0.0072307207887616,0.03484256558971262
2024-03-22,0.0058948163096688,0.033511152494413055
2024-03-25,0.0059704224056704,0.031975502604167996
2024-03-26,0.0059328372817168,0.03084723689067489
2024-03-27,0.006146267593757,0.02975603006343906
2024-03-28,0.0061030199471241,0.03140443362899705
2024-04-01,0.0060989248502309,0.030002561028442655
2024-04-02,0.0061784369350108,0.028826928256051154
2024-04-03,0.0061647594486267,0.029791547995089394
2024-04-04,0.0063723608352578,0.028512709548992217
2024-04-05,0.0067025051234015,0.0333961013168658
2024-04-08,0.0063549008059392,0.03611291714782921
2024-04-09,0.0061531213070784,0.03431368263157714
2024-04-10,0.0065430059886468,0.03272192181228536
2024-04-11,0.0062826373666513,0.03447709355899173
2024-04-12,0.0070654342335296,0.034753873186125134
2024-04-15,0.0075007053018353,0.040120907004517134
2024-04-16,0.0073944490912431,0.04241891010065258
2024-04-17,0.0072994920584741,0.04028341467887124
2024-04-18,0.0071315804283688,0.03922425662071438
2024-04-19,0.0068770272818494,0.037354653883795906
2024-04-22,0.0071967441095986,0.037995923033745105
2024-04-23,0.0078230123760338,0.0384954120031433
2024-04-24,0.0078232462435843,0.040917422988008344
2024-04-25,0.0078493730807505,0.03876983276537768
2024-04-26,0.0079560279655245,0.03745794603071417
2024-04-29,0.0080006777039158,0.03888974534149767
2024-04-30,0.0086119224408465,0.03721502954388714
2024-05-01,0.0085334961517886,0.04304643055168606
2024-05-02,0.0088393292017431,0.041096425678293656
2024-05-03,0.0089521376399237,0.04140883785740095
2024-05-06,0.0089056490393295,0.04374341316623742
2024-05-07,0.0089120047004297,0.044360820632995415
2024-05-08,0.0089047724012104,0.04202209866971031
2024-05-09,0.0087098098550379,0.03979939292291101
2024-05-10,0.0085702744930255,0.038546260306525595
2024-05-13,0.0078679265204496,0.036660719398193695
2024-05-14,0.0073175763810261,0.03482312631484649
2024-05-15,0.0075716684108714,0.03395092223689505
2024-05-16,0.0074133186284969,0.03701124546216222
2024-05-17,0.0073414735945471,0.035296182261968546
2024-05-20,0.0068719867603589,0.03360602299869097
2024-05-21,0.0067545769807618,0.032021851647020594
2024-05-22,0.0065265568437598,0.030767805349275784
2024-05-23,0.0068449657258479,0.029661933199347835
2024-05-24,0.0067695430907892,0.030588907885266456
2024-05-28,0.0065401873829352,0.03114098613602436
2024-05-29,0.0068360701543321,0.029712927196557992
2024-05-30,0.0058619110572073,0.03062165227390529
2024-05-31,0.0058767363426988,0.030672558507863316
2024-06-03,0.0056770886725702,0.031793962294566755
2024-06-04,0.0051462982963976,0.03036457830753716
2024-06-05,0.0052832931153214,0.029087893925415758
2024-06-06,0.0052972680094787,0.03327240671730846
2024-06-07,0.005318470168478,0.03168479999769404
2024-06-10,0.0052606351378712,0.030265656114805268
2024-06-11,0.0052689882592522,0.029179774876486018
2024-06-12,0.0054744095770673,0.028216385088857477
2024-06-13,0.0054321189461794,0.030033549713929457
2024-06-14,0.0049391941825483,0.028919638422128774
2024-06-17,0.0050798017976147,0.027670127251024912
2024-06-18,0.0050831499121786,0.029033030255621723
2024-06-20,0.0051620584457326,0.028040844439999376
2024-06-21,0.0051970989622674,0.02713794861008122
2024-06-24,0.0052114416951996,0.026133903617283325
2024-06-25,0.0048441714808492,0.02554534133684651
2024-06-26,0.0046959788170032,0.025301597371812517
2024-06-27,0.0046891936208691,0.024452634208896755
2024-06-28,0.0044215930151314,0.023591634032771935
2024-07-01,0.0040551182292489,0.023636953721742987
2024-07-02,0.0039413791398383,0.02317806551483415
2024-07-03,0.0039890199302592,0.024363340562328688
2024-07-05,0.004044892214255,0.024759462064067452
2024-07-08,0.0034358777216193,0.02528570177224384
2024-07-09,0.0034130876362779,0.024364199186269194
2024-07-10,0.0037737631447095,0.023494669267643112
2024-07-11,0.0045062827528953,0.02762785629155728
2024-07-12,0.0045706594010972,0.029788439077987523
2024-07-15,0.0043361959933226,0.02971114995303164
2024-07-16,0.004448426681482,0.0287207716230508
2024-07-17,0.0056484200932326,0.029197906998870208
2024-07-18,0.0057960721254615,0.035402564745775446
2024-07-19,0.0060182185801867,0.03578678885740436
2024-07-22,0.0064058523235936,0.035776567149143776
2024-07-23,0.0064057783690256,0.03786612397037686
2024-07-24,0.0082829347075593,0.036004081400238336
2024-07-25,0.0082948303452777,0.04998350657407519
2024-07-26,0.0086678149467773,0.047851486321700276
2024-07-29,0.0086672590683836,0.04835885683846832
2024-07-30,0.0086892917936138,0.045685317940503775
2024-07-31,0.0093431831638294,0.04387595523834142
2024-08-01,0.0097345085153028,0.0481334596582137
2024-08-02,0.010395971559257,0.050281115084093546
2024-08-05,0.0119937803476571,0.055586381808049506
2024-08-06,0.0123301400466812,0.07080142986731666
2024-08-07,0.0123431394119349,0.06849857700464641
2024-08-08,0.0133033251645208,0.06556167440581431
2024-08-09,0.0133207819691644,0.07126873680769644
2024-08-12,0.0132179860582825,0.06740537801804555
2024-08-13,0.0138233310223953,0.06341446770335542
2024-08-14,0.0137599638112639,0.06515666506371402
2024-08-15,0.0139861623191161,0.06161019145556225
2024-08-16,0.0138881323555316,0.06317046170841673
2024-08-19,0.0139347918852232,0.05955172808196771
2024-08-20,0.0137606282790297,0.05809261326535023
2024-08-21,0.0137799434431322,0.05482192628698897
2024-08-22,0.0128524761189126,0.052102352509454115
2024-08-23,0.0129484194258618,0.05110348137074555
2024-08-26,0.0128250481579945,0.05140529490099573
2024-08-27,0.0128245257479921,0.04874528754069362
2024-08-28,0.0128517846010188,0.046082097852455726
2024-08-29,0.0124264372734982,0.04452925007612166
2024-08-30,0.0121317199627994,0.04208101692507054
2024-09-03,0.0123810013778065,0.04280500972015782
2024-09-04,0.0100272585065432,0.052477044403864706
2024-09-05,0.009961494638171,0.04956719812098822
2024-09-06,0.0106491781867173,0.04703064176472762
2024-09-09,0.0097926244568458,0.052062732936902535
2024-09-10,0.0097893598164576,0.05229456940242057
2024-09-11,0.0099893745811222,0.049823969415553324
2024-09-12,0.0094926046870738,0.049853665494977495
2024-09-13,0.0095189294792352,0.0484790076156152
2024-09-16,0.0089179091109759,0.046546976281204404
2024-09-17,0.008914030391849,0.04402685253723953
2024-09-18,0.0086996196306136,0.041637846634972636
2024-09-19,0.0094155526517535,0.039670047342038266
2024-09-20,0.0094053924905162,0.045845835822866075
2024-09-23,0.0091481993027913,0.04344096279084415
2024-09-24,0.0088548614012611,0.04132952109868135
2024-09-25,0.0088302038281947,0.03932823238138998
2024-09-26,0.008855949719742,0.03738529972612393
2024-09-27,0.0087282268016803,0.03602041882916427
2024-09-30,0.0087469140010701,0.0342550628106257
2024-10-01,0.0088166411216958,0.03322708280273712
2024-10-02,0.0072589305819892,0.03484182663767633
2024-10-03,0.0072606565012512,0.03311325584930796
2024-10-04,0.0073540837175772,0.03162007074337174
2024-10-07,0.0064645164229159,0.03320760768321678
2024-10-08,0.0063453996060537,0.03499088897298612
2024-10-09,0.0064140354445638,0.03649007223897574
2024-10-10,0.0062062818692406,0.03636058303222412
2024-10-11,0.0061495857273322,0.03467613926319076
2024-10-14,0.0062353927473124,0.034278371631603986
2024-10-15,0.0065768559611536,0.03472100308809634
2024-10-16,0.0066051162342986,0.035084597710264634
2024-10-17,0.0065360294853338,0.03412695463745795
2024-10-18,0.0055972205828316,0.03245964911987452
2024-10-21,0.0055939080378224,0.03152696675834207
2024-10-22,0.0055940467455171,0.03018881747379111
2024-10-23,0.0060162903065873,0.028827840252277526
2024-10-24,0.0060000254017893,0.031101494402943682
2024-10-25,0.0059549261781544,0.029850651930315546
2024-10-28,0.0059577690913495,0.028512555945380828
2024-10-29,0.0059075376341206,0.027586540994494122
2024-10-30,0.0055334726017455,0.026541686388708952
2024-10-31,0.0070043057836043,0.025980717192553928
2024-11-01,0.0070493413620189,0.03846705966419157
2024-11-04,0.006786473758041,0.0370251163279298
2024-11-05,0.0069577409413825,0.035414387371852936
2024-11-06,0.0085614951831044,0.038632457611347044
2024-11-07,0.0085721535049192,0.05350099494705505
2024-11-08,0.0085461133372187,0.051746690881622676
2024-11-11,0.0084902593638109,0.04915527319821402
2024-11-12,0.0084189277173511,0.046427108261314104
2024-11-13,0.0081872123323606,0.04410366729070006
2024-11-14,0.0083055187538772,0.041718176931067094
2024-11-15,0.0088619490246236,0.040613014916649724
2024-11-18,0.0088608311818608,0.043676552856070826
2024-11-19,0.0088834234908475,0.041766075592166337
2024-11-20,0.0088813309736184,0.04002268577510825
2024-11-21,0.0086459198919779,0.03792932466890576
2024-11-22,0.0086576892362158,0.036926604755816377
2024-11-25,0.0086574931791864,0.035467082133186334
2024-11-26,0.008704281607633,0.034027770371132485
2024-11-27,0.0087836964263871,0.03356599744769932
2024-11-29,0.0087632362808674,0.032487940576033304
2024-12-02,0.0073913317508101,0.032147602579225436
2024-12-03,0.0074015360854358,0.030866661342641464
2024-12-04,0.00732951544141,0.02945429736739037
2024-12-05,0.0070879714333555,0.029677294862621977
2024-12-06,0.0048398471502088,0.02849949955210559
2024-12-09,0.0048864787041162,0.027539876782936144
2024-12-10,0.0048920347315509,0.028084835359748074
2024-12-11,0.0051813699699389,0.027280314314719403
2024-12-12,0.0052962803793187,0.029064154139900784
2024-12-13,0.0052973137824838,0.02904777136357983
2024-12-16,0.0051181347464461,0.027772884493358466
2024-12-17,0.0041192553039608,0.027249212122225974
2024-12-18,0.0079468976660948,0.026807448215979947
2024-12-19,0.0078910801205713,0.05324299426028511
2024-12-20,0.00826259106714,0.05021167873933433
2024-12-23,0.0083341275191182,0.05030790065890216
2024-12-24,0.0086372392465399,0.048813906713220195
2024-12-26,0.0086208649647207,0.04917127341072877
2024-12-27,0.008880685281058,0.04643430897884642
2024-12-30,0.0091397183369121,0.047173380562269634
2024-12-31,0.0090517447975911,0.04761573499860287
2025-01-02,0.0090148722789151,0.04548053020614226
2025-01-03,0.0095114587114249,0.04314383058959771
2025-01-06,0.0094936173472589,0.04522771355487892
2025-01-07,0.0097553330578618,0.04362225194071727
2025-01-08,0.0097392110192226,0.04477453378336563
2025-01-10,0.0101748423456339,0.04241867318396116
2025-01-13,0.010197257809913,0.04685097384891075
2025-01-14,0.00997560157801,0.04434832251739006
2025-01-15,0.0108500879064796,0.04199317057723952
2025-01-16,0.0108521736889131,0.048740144790990994
2025-01-17,0.0110660728034477,0.04615830365942687
2025-01-21,0.0112210016074763,0.046289089096026595
2025-01-22,0.0089396297403305,0.04581230873988813
2025-01-23,0.0089521728302503,0.0443476990634081
2025-01-24,0.0087747072124963,0.04275532348578846
2025-01-27,0.0093252264008732,0.040719164139346994
2025-01-28,0.0092296302552986,0.044813661241029396
2025-01-29,0.0092912378860165,0.04471769016383621
2025-01-30,0.008992809518179,0.04292365430326394
2025-01-31,0.0087081805019858,0.04144601813743719
2025-02-03,0.0088406256990622,0.040037852262548954
2025-02-04,0.0089126237694161,0.039758698551960715
2025-02-05,0.0085645731742409,0.03931266205646951
2025-02-06,0.0085239684037158,0.03776765071486839
2025-02-07,0.0084141456374168,0.036286727193568874
2025-02-10,0.0085072088859923,0.03749797081753479
2025-02-11,0.0076057824818865,0.03707762964369614
2025-02-12,0.0076735697220982,0.03521081304846921
2025-02-13,0.0078993466343697,0.03374175370751704
2025-02-14,0.0070066768911486,0.03592467215717366
2025-02-18,0.0069660624559049,0.03413975733616835
2025-02-19,0.0066991130522312,0.03270556430766528
2025-02-20,0.0065663169805748,0.031374516345497434
2025-02-21,0.0074837753871375,0.030678191528928644
2025-02-24,0.0074161386464073,0.039628438742580326
2025-02-25,0.0074489771456199,0.038360852666153765
2025-02-26,0.0067740416948803,0.037119638785050015
2025-02-27,0.0071993612999559,0.03525294133680269
2025-02-28,0.0080913715755257,0.04167876777255336
2025-03-03,0.0087769101178091,0.04641309111716868
2025-03-04,0.0090511446652646,0.051837755233744925
2025-03-05,0.0093962943435624,0.05254005466579286
2025-03-06,0.0098628088714939,0.05249663915472119
2025-03-07,0.0099202798081068,0.056904646971676416
2025-03-10,0.0112063837311241,0.054312208340978066
2025-03-11,0.0111655198702493,0.06665289129356718
2025-03-12,0.011087581053674,0.0638266018798148
2025-03-13,0.0112586183872731,0.06056457042490155
2025-03-14,0.0125646873960638,0.06107460297594379
2025-03-17,0.012375827112215,0.06623124367861019
2025-03-18,0.0124436622878526,0.06312377348278266
2025-03-19,0.0127875551348945,0.06173686832224307
2025-03-20,0.0127183640219057,0.06050498669238161
2025-03-21,0.0127589612742835,0.05709703637071643
2025-03-24,0.0131543104515337,0.05383382928658809
2025-03-25,0.013157429224584,0.057619072120091326
2025-03-26,0.013308561941655,0.05436177075857521
2025-03-27,0.013302366079158,0.05416178557660965
2025-03-28,0.0135333458861319,0.05134188244479157
2025-03-31,0.013025857911561,0.05753797800713911
2025-04-01,0.0126332158277423,0.054911085601600525
2025-04-02,0.0125230061112176,0.05211663230404449
2025-04-03,0.016109609023053,0.05027317798043623
2025-04-04,0.0203003960115155,0.09062442460236686
2025-04-07,0.0201524886939365,0.128783764390058
2025-04-08,0.0197008809933656,0.12080977089682218
2025-04-09,0.0288309799453092,0.11603824190313743
2025-04-10,0.0297362775839964,0.17969474280788397
2025-04-11,0.0299563095019271,0.17736266898954334
2025-04-14,0.02959972681052,0.16861176941425376
2025-04-15,0.0295374092704671,0.15855626201272055
2025-04-16,0.0298194521627633,0.14871333419979896
2025-04-17,0.0296735052361934,0.14395868110935153
2025-04-21,0.0300034360820402,0.13506754253932168
2025-04-22,0.0306632104304359,0.13212816869229585
2025-04-23,0.0306310891039425,0.12993025033601766
2025-04-24,0.0310423951675324,0.12463862876740466
2025-04-25,0.0310450914540472,0.12111104749557751
2025-04-28,0.0310460770213865,0.11423351098995327
2025-04-29,0.0307844174748972,0.10720161926222073
2025-04-30,0.0307596479446205,0.10100383960970251
2025-05-01,0.0307813519219406,0.09479573009581375
2025-05-02,0.0309188339591082,0.08948289704727268
2025-05-05,0.0288092569356581,0.08708806320366001
2025-05-06,0.0249892489734788,0.08232580079065847
2025-05-07,0.0249369709745873,0.07819497471077168
2025-05-08,0.0244730524380223,0.07366330832694838
2025-05-09,0.0148921465693668,0.06969882971917207
2025-05-12,0.0137334936496927,0.06535785044826203
2025-05-13,0.0134224123615058,0.07979401009582943
2025-05-14,0.0134172712778274,0.07579688808760111
2025-05-15,0.0133506590635529,0.07120651556703508
2025-05-16,0.0118283648641506,0.06719883912620368
2025-05-19,0.011837274202666,0.06409149231729343
2025-05-20,0.0099981696135578,0.06022602014705091
2025-05-21,0.0102968252817034,0.05692978954146853
2025-05-22,0.0099893715216406,0.05948288094404195
2025-05-23,0.0095309111591854,0.05593380591505339
2025-05-27,0.0102365696492804,0.05369205667515455
2025-05-28,0.0104062198068585,0.05988256815832921
2025-05-29,0.0103896381557519,0.057026880503522684
2025-05-30,0.0104060030369288,0.05404530709327461
2025-06-02,0.0103808156286666,0.05088445891979424
2025-06-03,0.0100489799878883,0.04837096442900487
2025-06-04,0.0098656906437579,0.046508373713525536
2025-06-05,0.0097517571081973,0.043850830516060944
2025-06-06,0.0098837660451162,0.04223275223825296
2025-06-09,0.0098728339896738,0.04309325988192869
2025-06-10,0.0098552800486214,0.040717252927084946
2025-06-11,0.0073504381092195,0.03946035472563411
2025-06-12,0.0072531404921101,0.0375753768814073
2025-06-13,0.0077596813864651,0.03609085535568623
2025-06-16,0.0079569831730566,0.038706101365251384
2025-06-17,0.0080780533968761,0.0395279675050707
2025-06-18,0.0080771929419092,0.03969539222655521
2025-06-20,0.0080431780652347,0.037573844668058826
2025-06-23,0.0073402272786208,0.03577048206033781
2025-06-24,0.0076160005529848,0.03716101176605166
2025-06-25,0.0073679803348112,0.03932397782735044
2025-06-26,0.0062811571127426,0.03723355157042601
2025-06-27,0.0060909323507919,0.0374840140599592
2025-06-30,0.0061125948561426,0.036468875671138386
2025-07-01,0.0061369740012002,0.035535872254404
2025-07-02,0.0061481591759777,0.03377678153759009
2025-07-03,0.006243794480358,0.032966408584824115
2025-07-07,0.0066229230156393,0.033995105314725736
2025-07-08,0.0064430784368595,0.03462992420156337
2025-07-09,0.0062453955660517,0.03291661711892864
2025-07-10,0.0062416819044959,0.032738445447581345
2025-07-11,0.0063002454857061,0.03145236360845786
2025-07-14,0.0062179270960193,0.030418956549809476
2025-07-15,0.0063294148429701,0.029101495100661588
2025-07-16,0.0056012703878665,0.028504825276361445
2025-07-17,0.0054122659979921,0.027721544624477547
2025-07-18,0.0048906224858203,0.027865413295200713
2025-07-21,0.0048567687110831,0.026672130109410244
2025-07-22,0.0047583788309132,0.02567307134195089
2025-07-23,0.0046436783698001,0.024682953074874114
2025-07-24,0.004228017236655,0.026784064200207198
2025-07-25,0.0042192435881393,0.025705618294483402
2025-07-28,0.0040293084459697,0.025485097148413207
2025-07-29,0.0040872359938482,0.02449438025243756
2025-07-30,0.0040398936682402,0.024054299564760042
2025-07-31,0.0041516833738166,0.023270784648524393
2025-08-01,0.0055059300025449,0.023233480860728885
2025-08-04,0.0061173446094727,0.03400722568402673
2025-08-05,0.0059460102859839,0.039782133271715356
2025-08-06,0.0061148049246268,0.03841675638976178
2025-08-07,0.0060087003216322,0.03815211595899684
2025-08-08,0.0061963670330895,0.0361537953197112
2025-08-11,0.0061722852075218,0.03643150886974822
2025-08-12,0.0065789985730681,0.03477558638197488
2025-08-13,0.0064761217227961,0.037540355234203085
2025-08-14,0.0064728960550725,0.03593613021408024
2025-08-15,0.0064796975310545,0.03409744496813155
2025-08-18,0.0064797954265591,0.03272353053528775
2025-08-19,0.0066571841691512,0.031136162430342236
2025-08-20,0.0066944032588513,0.031095376479099504
2025-08-21,0.0065591803814913,0.029886788334638308
2025-08-22,0.0073310386361248,0.029224655663995715
2025-08-25,0.007371793689117,0.03670687783470671
2025-08-26,0.0074166744910704,0.03545702981803169
2025-08-27,0.0073812464546359,0.03428105316155489
2025-08-28,0.0073820458986574,0.03279060003148834
2025-08-29,0.0074920920770441,0.03159523382478552
2025-09-02,0.0066725902933094,0.03176141726469976
2025-09-03,0.0060145263530535,0.03218048124029369
2025-09-04,0.0060718209621043,0.03167443647220095
2025-09-05,0.006004366682293,0.03290412124057677
2025-09-08,0.0059939869515464,0.031702832554023605
2025-09-09,0.0058132480115488,0.030382376299257226
2025-09-10,0.0057751894924963,0.0292946671932967
2025-09-11,0.0055562253425109,0.02838016388428603
2025-09-12,0.0055420698499982,0.03025326879535719
2025-09-15,0.0056025983948146,0.02887804142037957
2025-09-16,0.0055563317241047,0.028584578637878142
2025-09-17,0.005569310278509,0.027411652596581647
2025-09-18,0.0053839340950129,0.026305004842085374
2025-09-19,0.0053454236786518,0.02635538433562431
2025-09-22,0.0051884897727696,0.026443143288146537
2025-09-23,0.0045751961344088,0.026311727429953715
2025-09-24,0.0044970459613116,0.02671986882322322
2025-09-25,0.0046644943390056,0.026020285001751162
2025-09-26,0.004777136744627,0.026220301493172327
2025-09-29,0.0047677365773636,0.026836515813530647
2025-09-30,0.0044756332566461,0.026067358125301678
2025-10-01,0.00402874570821,0.025849365060165844
2025-10-02,0.0039833661396995,0.02540429546746787
2025-10-03,0.0037208735231446,0.02444146864242146
2025-10-06,0.0035840902321833,0.023542094064367716
2025-10-07,0.0037913212394025,0.02344594440605312
2025-10-08,0.0038966790812519,0.02343275241519297
2025-10-09,0.004004504927195,0.024430519412041777
2025-10-10,0.0072390588416417,0.023934583601882595
2025-10-13,0.0080105569451269,0.049202926080498526
2025-10-14,0.0079632303484253,0.05249630726003496
2025-10-15,0.007997466803147,0.049471122725061045
2025-10-16,0.0081292277050192,0.04704959797383096
2025-10-17,0.0081433598841271,0.04549064248150911
2025-10-20,0.0083994700621069,0.04373527492684169
2025-10-21,0.0083520819812331,0.04458797758223276
2025-10-22,0.008346398818098,0.042105722336343625
2025-10-23,0.0083966170351414,0.04069438966918658
2025-10-24,0.0084274651502672,0.039578563050545294
2025-10-27,0.0087071429952266,0.03947284968148061
2025-10-28,0.0087054778179492,0.04204591519488959
2025-10-29,0.0086935385783559,0.03991766301978165
2025-10-30,0.0090235326455539,0.037786141584057464
2025-10-31,0.0090322304925913,0.03910082378550451
2025-11-03,0.0090320090029276,0.03725931618605503
2025-11-04,0.0094229827903732,0.03543213511846036
2025-11-05,0.0094037880639749,0.03844471946596263
2025-11-06,0.0096618259399512,0.03687542420022662
2025-11-07,0.0096491510185298,0.039203539822513365
2025-11-10,0.0079276229528568,0.037180510301973196
2025-11-11,0.0073024476230279,0.04269670997157286
2025-11-12,0.0072742292508123,0.04049220569564639
2025-11-13,0.008248818836554,0.0383346052438514
2025-11-14,0.0081060103449975,0.04484620187090674
2025-11-17,0.0083154368741031,0.042361347831609206
2025-11-18,0.0081370106567631,0.042595494213312886
2025-11-19,0.0081970773049619,0.04233362459304846
2025-11-20,0.0087822556978802,0.04046075122720456
2025-11-21,0.0089798855517917,0.045572399810749266
2025-11-24,0.0094820695602931,0.0457025734424316
2025-11-25,0.0092897016121812,0.04947169899617558
2025-11-26,0.0094184205151401,0.04876591801062656
2025-11-28,0.0095056030450519,0.047252477583812263
