Date,rv_21,transformer_forecast
2020-09-28,0.0155893058727638,0.015204177
2020-09-29,0.0154753199544621,0.01573266
2020-09-30,0.0156481916978738,0.015598421
2020-10-01,0.0155889315800708,0.015760243
2020-10-02,0.0151506922762708,0.015681073
2020-10-05,0.0138479245145898,0.015201953
2020-10-06,0.0140665554363238,0.013833573
2020-10-07,0.0131308778472702,0.01405117
2020-10-08,0.012524007546413,0.013075543
2020-10-09,0.0118957809298476,0.012454625
2020-10-12,0.0122932821762376,0.011824419
2020-10-13,0.0122203432605477,0.012226239
2020-10-14,0.0123270861349081,0.012160446
2020-10-15,0.0122720998304502,0.012268456
2020-10-16,0.0120705023894313,0.012218995
2020-10-19,0.0124009966879496,0.012016538
2020-10-20,0.0120418513791277,0.012356174
2020-10-21,0.0119289179116731,0.01198914
2020-10-22,0.0103855210131241,0.011876154
2020-10-23,0.0103857774327484,0.010318858
2020-10-26,0.0109911497616389,0.010322372
2020-10-27,0.0105072899357452,0.010938227
2020-10-28,0.0131599960504232,0.01045339
2020-10-29,0.013310434293813,0.013156852
2020-10-30,0.0134600674062597,0.01332859
2020-11-02,0.013651725319553,0.013487551
2020-11-03,0.0136403151842027,0.013696119
2020-11-04,0.0141017305853301,0.01368086
2020-11-05,0.0142237426250394,0.014158497
2020-11-06,0.0141424061465173,0.014283689
2020-11-09,0.0142363581437911,0.014190973
2020-11-10,0.013803243361813,0.014288033
2020-11-11,0.0138115096247351,0.013830237
2020-11-12,0.0139221962955587,0.013828447
2020-11-13,0.014188835805619,0.013945341
2020-11-16,0.0143577754680226,0.014214737
2020-11-17,0.0138270034786945,0.014394254
2020-11-18,0.0141507328469419,0.013840317
2020-11-19,0.0141296935756919,0.014174919
2020-11-20,0.014235850583283,0.014154346
2020-11-23,0.0142592985074534,0.014256312
2020-11-24,0.0137989669886917,0.014276134
2020-11-25,0.0137700613354607,0.01379211
2020-11-27,0.0104616063372537,0.013753195
2020-11-30,0.0105432346918438,0.0103806155
2020-12-01,0.0099328790761763,0.010461204
2020-12-02,0.0098341300648989,0.009845367
2020-12-03,0.0094510729682048,0.009746417
2020-12-04,0.0086171018507114,0.009369493
2020-12-07,0.0078760594639669,0.008535153
2020-12-08,0.0078521211589526,0.007794406
2020-12-09,0.0078838278641577,0.0077761416
2020-12-10,0.0078816724313192,0.00781516
2020-12-11,0.0077811293324306,0.0078238705
2020-12-14,0.0074645093539116,0.0077333916
2020-12-15,0.0074108825220025,0.007419306
2020-12-16,0.0070390508211882,0.007373996
2020-12-17,0.0069828493075434,0.007002609
2020-12-18,0.0064239570425115,0.0069540604
2020-12-21,0.0065242838858898,0.006401865
2020-12-22,0.006301106189103,0.0065094805
2020-12-23,0.006239167098169,0.006292093
2020-12-24,0.0053073723620732,0.0062362165
2020-12-28,0.00553722163388,0.0053043324
2020-12-29,0.0055860596647025,0.0055509782
2020-12-30,0.0054283412665226,0.005604647
2020-12-31,0.0050868249783889,0.005451796
2021-01-04,0.0061729317659631,0.005111774
2021-01-05,0.0063341528572906,0.0062130224
2021-01-06,0.0061717174327459,0.00637548
2021-01-07,0.0068597176669859,0.006216578
2021-01-08,0.0069114513941426,0.0069110943
2021-01-11,0.0068208111583455,0.006967488
2021-01-12,0.0067946687552676,0.0068722432
2021-01-13,0.0067613114992079,0.0068441955
2021-01-14,0.0067345174483813,0.0068103513
2021-01-15,0.006523645751337,0.0067828433
2021-01-19,0.0067077497040044,0.006569417
2021-01-20,0.0071945144597125,0.006755464
2021-01-21,0.007105544498705,0.007249243
2021-01-22,0.0070719749782993,0.007156913
2021-01-25,0.0070227503858143,0.0071236724
2021-01-26,0.0070615081995209,0.0070736646
2021-01-27,0.0093249936700432,0.0071110954
2021-01-28,0.0093721121527527,0.009396759
2021-01-29,0.0103454504509646,0.009443453
2021-02-01,0.010924750389736,0.01042529
2021-02-02,0.0112380747999436,0.011011347
2021-02-03,0.0106440958999422,0.011317613
2021-02-04,0.0107697375867014,0.010709874
2021-02-05,0.0107444304225835,0.01082959
2021-02-08,0.010413677083944,0.010796704
2021-02-09,0.0103832894549481,0.010457023
2021-02-10,0.0102420623811442,0.010422069
2021-02-11,0.0102399126280626,0.010274621
2021-02-12,0.0102636701182694,0.010271134
2021-02-16,0.0102047683594211,0.010291357
2021-02-17,0.0100130387730459,0.010230332
2021-02-18,0.0100055438549901,0.0100318575
2021-02-19,0.0096099108471885,0.010017529
2021-02-22,0.0097850483720693,0.009613786
2021-02-23,0.0097572904728063,0.00978675
2021-02-24,0.0100202665237704,0.009755417
2021-02-25,0.0114765657440565,0.0100193145
2021-02-26,0.0099231922673613,0.011487947
2021-03-01,0.0109494628971614,0.009916499
2021-03-02,0.010111689046341,0.010951875
2021-03-03,0.0100946365559585,0.010104838
2021-03-04,0.0100645179272548,0.010085125
2021-03-05,0.0109733454181117,0.010060066
2021-03-08,0.0107538588619999,0.010979135
2021-03-09,0.0111872572192775,0.010761905
2021-03-10,0.0111454586067148,0.01120262
2021-03-11,0.011376671639798,0.011161215
2021-03-12,0.0113764410182004,0.011394255
2021-03-15,0.0114511504033346,0.011393396
2021-03-16,0.0114215677946622,0.011464621
2021-03-17,0.0114326411617807,0.011435892
2021-03-18,0.011915562317425,0.011443105
2021-03-19,0.0118767981978689,0.011928531
2021-03-22,0.0119649055025488,0.011889947
2021-03-23,0.0119614153743824,0.011975445
2021-03-24,0.0120279548280735,0.011971656
2021-03-25,0.0118168199923971,0.012035397
2021-03-26,0.0109211344914053,0.011816241
2021-03-29,0.0108373999656444,0.010910411
2021-03-30,0.0096868997463893,0.010821691
2021-03-31,0.0094902242986391,0.009657761
2021-04-01,0.0091512074381015,0.009456975
2021-04-05,0.0087337594318721,0.009116175
2021-04-06,0.008020459146994,0.008690313
2021-04-07,0.0078082667759121,0.0079754
2021-04-08,0.007403846103066,0.007760598
2021-04-09,0.0074508615992112,0.0073577967
2021-04-12,0.0072650748658927,0.007408214
2021-04-13,0.0072630450964702,0.0072283605
2021-04-14,0.007327991091689,0.0072316346
2021-04-15,0.0075481440045539,0.007305722
2021-04-16,0.0075519415578099,0.007531462
2021-04-19,0.0066945604528117,0.0075414605
2021-04-20,0.0069896034826485,0.0066811093
2021-04-21,0.0070772924132941,0.006984212
2021-04-22,0.0072017280857388,0.0070783137
2021-04-23,0.0071614827666507,0.0072072833
2021-04-26,0.007157889816884,0.0071731834
2021-04-27,0.0065144000246317,0.007177957
2021-04-28,0.0065138243915233,0.0065319105
2021-04-29,0.0064431391345386,0.006536017
2021-04-30,0.0068105512822813,0.006466452
2021-05-03,0.0064691213936007,0.0068409517
2021-05-04,0.0060812908414877,0.0064984644
2021-05-05,0.0060650284128908,0.006110227
2021-05-06,0.006257515341957,0.0060938923
2021-05-07,0.006364427967161,0.0062893378
2021-05-10,0.0067141528082903,0.006396025
2021-05-11,0.0070200757484588,0.0067530414
2021-05-12,0.0084531339806378,0.0070624277
2021-05-13,0.0088763097820018,0.008511883
2021-05-14,0.0091479544422093,0.008938209
2021-05-17,0.0091264173153168,0.009212613
2021-05-18,0.0092427088002282,0.009192241
2021-05-19,0.0091462958690829,0.009306374
2021-05-20,0.0092141358251079,0.009202933
2021-05-21,0.0089787236077027,0.009267086
2021-05-24,0.0089216284258671,0.009025101
2021-05-25,0.0089275902132855,0.008964702
2021-05-26,0.0089366513925823,0.008970524
2021-05-27,0.0089367209135566,0.008975492
2021-05-28,0.0088123929575649,0.008974728
2021-06-01,0.0086609306384966,0.008845159
2021-06-02,0.0086467598298751,0.008690927
2021-06-03,0.0085502124158749,0.008672563
2021-06-04,0.0087483378626533,0.008570542
2021-06-07,0.0085848443361557,0.008767568
2021-06-08,0.0084310151398993,0.008600938
2021-06-09,0.0081005841722057,0.0084414445
2021-06-10,0.0078744301386373,0.008104853
2021-06-11,0.0059181178514845,0.0078716725
2021-06-14,0.005458078539885,0.005894656
2021-06-15,0.0045921170830098,0.005431892
2021-06-16,0.0047374911325718,0.004562602
2021-06-17,0.0042521959377542,0.0047128345
2021-06-18,0.0052176364906019,0.0042334357
2021-06-21,0.005581492356787,0.005214631
2021-06-22,0.0056485452926337,0.005591908
2021-06-23,0.0052858280805501,0.005666544
2021-06-24,0.0053705267213383,0.0053065633
2021-06-25,0.0053931962571481,0.0053982306
2021-06-28,0.0054012697165454,0.0054229535
2021-06-29,0.0054034149150146,0.005432096
2021-06-30,0.0053931513315771,0.005438196
2021-07-01,0.0054682360996172,0.005431287
2021-07-02,0.0055092258244773,0.0055108364
2021-07-06,0.0053228937919354,0.0055546733
2021-07-07,0.0053196479768566,0.005370788
2021-07-08,0.0057524835208336,0.005371193
2021-07-09,0.0061195420810136,0.0058105025
2021-07-12,0.0060959572632446,0.006182653
2021-07-13,0.0061967127298849,0.0061631375
2021-07-14,0.0061958829272132,0.0062650396
2021-07-15,0.0062354800149494,0.00626577
2021-07-16,0.0063674422352868,0.0063019344
2021-07-19,0.0073855501928369,0.0064326064
2021-07-20,0.0073538158266073,0.0074533266
2021-07-21,0.0069787741155977,0.0074197184
2021-07-22,0.0069308866642665,0.0070361216
2021-07-23,0.0071609842884655,0.0069879093
2021-07-26,0.0071059877021553,0.007215594
2021-07-27,0.0072303771248267,0.007158352
2021-07-28,0.007233870865697,0.007281739
2021-07-29,0.0072592472164953,0.007285515
2021-07-30,0.0074100601230645,0.007308196
2021-08-02,0.0073729161372291,0.0074574715
2021-08-03,0.0074062962099563,0.007417182
2021-08-04,0.0074773866780545,0.007450797
2021-08-05,0.0075468844338328,0.0075206896
2021-08-06,0.0072358865945133,0.0075880247
2021-08-09,0.0068768745802082,0.007270554
2021-08-10,0.0068483214641372,0.0069048433
2021-08-11,0.0067849394851347,0.006874377
2021-08-12,0.0068240301115811,0.006810028
2021-08-13,0.0067565781431296,0.0068491325
2021-08-16,0.006457339904413,0.0067817136
2021-08-17,0.0054546792652295,0.0064783776
2021-08-18,0.0052953380843915,0.0054674875
2021-08-19,0.0050221351674267,0.0053080004
2021-08-20,0.0052826125283006,0.0050338903
2021-08-23,0.0051513074712065,0.0052984045
2021-08-24,0.0051407126960271,0.0051715756
2021-08-25,0.0049968077392165,0.005164609
2021-08-26,0.0052124945641892,0.0050231605
2021-08-27,0.0054537909798395,0.005242642
2021-08-30,0.005295079759121,0.0054884776
2021-08-31,0.0052808934262126,0.0053327926
2021-09-01,0.0050543723220485,0.005321528
2021-09-02,0.0048922831998854,0.0050951755
2021-09-03,0.0047913446410554,0.004933037
2021-09-07,0.0048895160084957,0.004832887
2021-09-08,0.0048972972953176,0.004935446
2021-09-09,0.005041111661741,0.004946684
2021-09-10,0.0053560118022827,0.0050944444
2021-09-13,0.0053021974036682,0.005413478
2021-09-14,0.0054385527603907,0.005360315
2021-09-15,0.0057332449730572,0.005499234
2021-09-16,0.0055137531222711,0.005799196
2021-09-17,0.0053571429808527,0.0055778734
2021-09-20,0.0065669041889567,0.005419451
2021-09-21,0.0062621264863586,0.0066380566
2021-09-22,0.0063396968136868,0.0063288533
2021-09-23,0.0069310667967545,0.0064040213
2021-09-24,0.0069187359439105,0.007001746
2021-09-27,0.0068307588214533,0.006986444
2021-09-28,0.0078157768125861,0.006894481
2021-09-29,0.0077335895062939,0.007887639
2021-09-30,0.0080434137900149,0.0078030727
2021-10-01,0.0085734833332501,0.00811398
2021-10-04,0.0088425800485858,0.008647352
2021-10-05,0.0092812982906546,0.008916816
2021-10-06,0.0093698248414781,0.009356328
2021-10-07,0.0096182368367511,0.00944041
2021-10-08,0.009588584600473,0.009687525
2021-10-11,0.0095604193134153,0.009652022
2021-10-12,0.0095336122697449,0.009615636
2021-10-13,0.0095194857094579,0.009584035
2021-10-14,0.0100959825865302,0.009564694
2021-10-15,0.0102364773800878,0.010143717
2021-10-18,0.0100410599618567,0.010283267
2021-10-19,0.009276304048269,0.010078071
2021-10-20,0.0092661503451433,0.009301155
2021-10-21,0.0091095931303192,0.009286967
2021-10-22,0.0088041470269223,0.00912103
2021-10-25,0.0088413765469927,0.008808342
2021-10-26,0.008795427645377,0.008846347
2021-10-27,0.007399119604432,0.008796279
2021-10-28,0.0075827574304796,0.0073840613
2021-10-29,0.0068218621658522,0.0075678723
2021-11-01,0.006558684825607,0.0067989198
2021-11-02,0.0054697083320678,0.0065341517
2021-11-03,0.0052812681993015,0.0054394873
2021-11-04,0.0052818660329558,0.005253841
2021-11-05,0.0051615621943804,0.005259621
2021-11-08,0.0050601230856894,0.0051441053
2021-11-09,0.0047663358527075,0.0050490736
2021-11-10,0.0052676870039117,0.004765309
2021-11-11,0.0052978530380552,0.0052760434
2021-11-12,0.0043649325613332,0.005311001
2021-11-15,0.0042497055488765,0.004378152
2021-11-16,0.0042577574913917,0.0042681447
2021-11-17,0.0042112941010834,0.00428456
2021-11-18,0.004205421366575,0.004240896
2021-11-19,0.0042487823322119,0.0042413934
2021-11-22,0.0043383685287621,0.004292869
2021-11-23,0.004272350471852,0.0043882723
2021-11-24,0.0042765858406171,0.004325648
2021-11-26,0.0067076902145249,0.0043352377
2021-11-29,0.0069737087177047,0.0067885704
2021-11-30,0.0081844400909359,0.0070618032
2021-12-01,0.0085378854687698,0.008286449
2021-12-02,0.0091098535980393,0.008648313
2021-12-03,0.0091190840958878,0.009220071
2021-12-06,0.0094816281213636,0.009222882
2021-12-07,0.0105386766761058,0.009581742
2021-12-08,0.0105598938771048,0.010645828
2021-12-09,0.010651746456124,0.0106607275
2021-12-10,0.0106834080944551,0.010745388
2021-12-13,0.0108973952488048,0.010772138
2021-12-14,0.0108975617896431,0.01098532
2021-12-15,0.0114929143316489,0.010975293
2021-12-16,0.0116260617638215,0.011572615
2021-12-17,0.0118227264837395,0.011701344
2021-12-20,0.0120086986179612,0.011890173
2021-12-21,0.0127060262054843,0.012071494
2021-12-22,0.0128956854693789,0.012790886
2021-12-23,0.0129604858871103,0.012977521
2021-12-27,0.0132829926514833,0.013032215
2021-12-28,0.0121218999664641,0.013356451
2021-12-29,0.0118487777142714,0.01213769
2021-12-30,0.0109386601386375,0.011845313
2021-12-31,0.0105230847175216,0.010918061
2022-01-03,0.0102318091080225,0.010491954
2022-01-04,0.0099605144933274,0.010199952
2022-01-05,0.0108350697338637,0.0099225845
2022-01-06,0.0098863944265232,0.01081083
2022-01-07,0.0099013080269691,0.009851741
2022-01-10,0.0097777950777625,0.009869398
2022-01-11,0.0097594628604147,0.009747014
2022-01-12,0.0095433714528075,0.009729958
2022-01-13,0.0099419046273448,0.0095116515
2022-01-14,0.0092496376669203,0.009916888
2022-01-18,0.0099109642130537,0.009219081
2022-01-19,0.0098831575671923,0.009890495
2022-01-20,0.0098645334882978,0.009865637
2022-01-21,0.0096700639146511,0.009848058
2022-01-24,0.0093105847497985,0.00965838
2022-01-25,0.0092694020160795,0.009296865
2022-01-26,0.0083743384089458,0.009259052
2022-01-27,0.0083349281840577,0.008357542
2022-01-28,0.0103914439549265,0.008320131
2022-01-31,0.0114896914504022,0.010409208
2022-02-01,0.0116767753311015,0.011523715
2022-02-02,0.0118060988058139,0.011715511
2022-02-03,0.012783357721645,0.011849121
2022-02-04,0.0123344471493182,0.0128571745
2022-02-07,0.0123366727300806,0.012380622
2022-02-08,0.0125394367738714,0.0123742195
2022-02-09,0.0130182242742714,0.012579723
2022-02-10,0.0133378380714031,0.013077961
2022-02-11,0.0137821816559961,0.013404817
2022-02-14,0.0135462720973249,0.013859311
2022-02-15,0.0141135455808711,0.013610248
2022-02-16,0.0136013624648368,0.014192838
2022-02-17,0.0141978520044619,0.013653441
2022-02-18,0.014092779952385,0.01426907
2022-02-22,0.0136625981262913,0.014154699
2022-02-23,0.0141523311453079,0.013696996
2022-02-24,0.0144076247272529,0.014207862
2022-02-25,0.0152440186365974,0.014466762
2022-02-28,0.0152016226208049,0.015328139
2022-03-01,0.0145818246459232,0.015274831
2022-03-02,0.0145654689508298,0.014621176
2022-03-03,0.0144631061450039,0.014599796
2022-03-04,0.014277467671286,0.014484015
2022-03-07,0.014721180472304,0.014281806
2022-03-08,0.0146252000559384,0.014750575
2022-03-09,0.0159350683514971,0.014647608
2022-03-10,0.015752236036208,0.016009727
2022-03-11,0.0153836188187691,0.015817782
2022-03-14,0.015064369182979,0.015426827
2022-03-15,0.0155504548479701,0.015092025
2022-03-16,0.0163836459130392,0.015595626
2022-03-17,0.0162336148042587,0.016455417
2022-03-18,0.0164506074371457,0.016299231
2022-03-21,0.015714702943736,0.016521486
2022-03-22,0.0157565109885767,0.01575832
2022-03-23,0.0158449109451714,0.015794514
2022-03-24,0.015361109837111,0.015878595
2022-03-25,0.015137216241142,0.015368637
2022-03-28,0.0145180116409847,0.015134802
2022-03-29,0.0146429581074207,0.0144898
2022-03-30,0.014195605489457,0.014619765
2022-03-31,0.0143162988534919,0.01415171
2022-04-01,0.0142350322735974,0.014278335
2022-04-04,0.0141058417022777,0.014198741
2022-04-05,0.012515885875565,0.0140635595
2022-04-06,0.0126352816063481,0.012437886
2022-04-07,0.0115983142791666,0.012559445
2022-04-08,0.0115561485091694,0.011510975
2022-04-11,0.0118521387653777,0.011469732
2022-04-12,0.0117183557103844,0.011776373
2022-04-13,0.0111053446640416,0.011645314
2022-04-14,0.0105071366939894,0.011033941
2022-04-18,0.0101475434027872,0.010434198
2022-04-19,0.0104397282434666,0.010075776
2022-04-20,0.0104401797623423,0.010377762
2022-04-21,0.0105855717066439,0.010384033
2022-04-22,0.0118918614796251,0.010539531
2022-04-25,0.0114451309231486,0.011869579
2022-04-26,0.0126351240268862,0.011423857
2022-04-27,0.0124599971020185,0.012638153
2022-04-28,0.0135121153751575,0.012465651
2022-04-29,0.0153421446574599,0.013550839
2022-05-02,0.0153118310059652,0.015462565
2022-05-03,0.0153498152696955,0.01542983
2022-05-04,0.0168292112161224,0.01546632
2022-05-05,0.0182380717399775,0.017006306
2022-05-06,0.0181970604474272,0.01844904
2022-05-09,0.0191163414367875,0.018399654
2022-05-10,0.019189621009896,0.01933588
2022-05-11,0.019177164927242,0.019403815
2022-05-12,0.0191940195066407,0.01937982
2022-05-13,0.0199088884735285,0.01938495
2022-05-16,0.0198355596472174,0.020102747
2022-05-17,0.0205235998449044,0.020019518
2022-05-18,0.021594247466971,0.020706698
2022-05-19,0.0215576989632273,0.021795351
2022-05-20,0.0215109287440895,0.021740232
2022-05-23,0.0214760664791703,0.021670368
2022-05-24,0.0213941837352858,0.021623783
2022-05-25,0.0208211909422396,0.021521466
2022-05-26,0.0213537936339024,0.020921644
2022-05-27,0.0213535191943806,0.021447618
2022-05-31,0.019796104741001,0.02143879
2022-06-01,0.0198165455020785,0.019839527
2022-06-02,0.0202142993183956,0.019853402
2022-06-03,0.0193380829816176,0.020247165
2022-06-06,0.0177037552126033,0.019343426
2022-06-07,0.017781803025934,0.017658629
2022-06-08,0.0163405885843641,0.017738255
2022-06-09,0.0172605696045953,0.016246451
2022-06-10,0.0181009821770648,0.017200118
2022-06-13,0.0200163520852127,0.01807417
2022-06-14,0.0191216303133369,0.020042302
2022-06-15,0.0195210161321592,0.019138781
2022-06-16,0.0198730849882162,0.019547133
2022-06-17,0.0181166245946662,0.019911587
2022-06-21,0.0190515849852288,0.018106187
2022-06-22,0.0190472270195837,0.019062323
2022-06-23,0.0186719890539369,0.019065412
2022-06-24,0.0198872096672578,0.018681651
2022-06-27,0.0197663499272743,0.01992996
2022-06-28,0.0196063579939747,0.019812593
2022-06-29,0.0185976832388372,0.019649142
2022-06-30,0.018620768898657,0.018619625
2022-07-01,0.0188724130339099,0.018639069
2022-07-05,0.0182598417921939,0.018898511
2022-07-06,0.0181041095670995,0.018272147
2022-07-07,0.0184843656140866,0.018112538
2022-07-08,0.018283416571016,0.018509839
2022-07-11,0.0182998757883623,0.018301757
2022-07-12,0.0177282737997698,0.01831152
2022-07-13,0.0166198917071919,0.017722342
2022-07-14,0.0141350356702207,0.016571008
2022-07-15,0.0146546845771982,0.014014311
2022-07-18,0.0144985743839268,0.014539309
2022-07-19,0.0134530859482547,0.014388186
2022-07-20,0.013460859446497,0.013327352
2022-07-21,0.012703950404088,0.013345379
2022-07-22,0.0129563093379863,0.012584676
2022-07-25,0.0128579601897133,0.012850388
2022-07-26,0.0114614815698795,0.012752147
2022-07-27,0.0127261746378036,0.011345298
2022-07-28,0.0118832946470762,0.0126425065
2022-07-29,0.0120883731601334,0.011793914
2022-08-01,0.0118466950930215,0.012003274
2022-08-02,0.0119694779559298,0.011771711
2022-08-03,0.0122581364300612,0.011903899
2022-08-04,0.0122999763094564,0.012203968
2022-08-05,0.0120734922064944,0.012253269
2022-08-08,0.0120800688254044,0.012028651
2022-08-09,0.011742757398775,0.012043947
2022-08-10,0.0119941669002048,0.011708383
2022-08-11,0.0118787995119281,0.011967919
2022-08-12,0.0120289494245722,0.011862224
2022-08-15,0.0116433418253137,0.012011335
2022-08-16,0.0112586335161666,0.011628998
2022-08-17,0.0104215482026824,0.011242488
2022-08-18,0.0104173277383575,0.0103926305
2022-08-19,0.0109284522374992,0.010388264
2022-08-22,0.0118883510914696,0.010906716
2022-08-23,0.0119249591620673,0.01187894
2022-08-24,0.0115160901308076,0.011920407
2022-08-25,0.0105742464338812,0.011507013
2022-08-26,0.0129447943649832,0.010556989
2022-08-29,0.0125882321489806,0.012966407
2022-08-30,0.0127706307232344,0.012595694
2022-08-31,0.0127964770480545,0.012778367
2022-09-01,0.012237846534871,0.01281366
2022-09-02,0.0123737430114528,0.012238735
2022-09-06,0.0123749506730474,0.012374117
2022-09-07,0.0131956140327285,0.0123700155
2022-09-08,0.0133096438288919,0.013213036
2022-09-09,0.0128666996160118,0.013335437
2022-09-12,0.013138348173919,0.012875695
2022-09-13,0.0154845701386419,0.013152136
2022-09-14,0.0154701009987038,0.015603566
2022-09-15,0.0154863423923554,0.015580145
2022-09-16,0.0154858813602385,0.015596022
2022-09-19,0.0156199129865391,0.015593378
2022-09-20,0.0155790920306879,0.015721364
2022-09-21,0.0153651042672259,0.015667874
2022-09-22,0.0153857401239396,0.015434325
2022-09-23,0.0155348616327465,0.01544923
2022-09-26,0.0149078597571867,0.015601867
2022-09-27,0.0135105310664437,0.014935706
2022-09-28,0.0145234190804537,0.013480194
2022-09-29,0.0149464134938668,0.014529506
2022-09-30,0.015117657905206,0.014965999
2022-10-03,0.0164338180681061,0.015142302
2022-10-04,0.0178981375013811,0.016519602
2022-10-05,0.0178896068077214,0.018030623
2022-10-06,0.0173922313090483,0.018020395
2022-10-07,0.0180992731349462,0.017499097
2022-10-10,0.0175311508978447,0.018220844
2022-10-11,0.0171348132106396,0.017624935
2022-10-12,0.0147957156711122,0.017198581
2022-10-13,0.016126466619582,0.014764733
2022-10-14,0.0166596016625006,0.016147962
2022-10-17,0.0178875150317919,0.016697966
2022-10-18,0.0180319521218497,0.017962908
2022-10-19,0.01794322555848,0.018122109
2022-10-20,0.0176612380980445,0.018030686
2022-10-21,0.0183974027421437,0.017739331
2022-10-24,0.0181244862669298,0.018490858
2022-10-25,0.0181913489950472,0.018202798
2022-10-26,0.0182962200815777,0.01826699
2022-10-27,0.017945825081271,0.01837081
2022-10-28,0.0178543479037954,0.018003514
2022-10-31,0.0175321860778139,0.017902583
2022-11-01,0.0168620447490638,0.017557682
2022-11-02,0.0166174952615341,0.016859733
2022-11-03,0.0167655424790608,0.016612101
2022-11-04,0.0168966075489498,0.016763274
2022-11-07,0.0156540784332912,0.016901089
2022-11-08,0.0155103192640161,0.015617539
2022-11-09,0.0162471397645896,0.015471696
2022-11-10,0.0197305750784912,0.016244031
2022-11-11,0.0191811334473595,0.019824568
2022-11-14,0.0183500234953708,0.019263774
2022-11-15,0.0177162618543257,0.018410724
2022-11-16,0.0178208987096354,0.017766556
2022-11-17,0.0177404825284103,0.01786341
2022-11-18,0.0175581772197689,0.017772872
2022-11-21,0.0170294857639104,0.017577792
2022-11-22,0.0170794859900384,0.01704163
2022-11-23,0.0168154255602662,0.017096596
2022-11-25,0.0166866336947804,0.016820988
2022-11-28,0.0170506790464903,0.016684081
2022-11-29,0.016267659692475,0.017066684
2022-11-30,0.0173853772880722,0.016255755
2022-12-01,0.0173381460303424,0.017419543
2022-12-02,0.0161510105281948,0.017372888
2022-12-05,0.0165582969172128,0.016138075
2022-12-06,0.0168323420143275,0.016567282
2022-12-07,0.0167637539497862,0.01685354
2022-12-08,0.0167918258557301,0.016772728
2022-12-09,0.0161228694871034,0.016799018
2022-12-12,0.0113952096806172,0.016105544
2022-12-13,0.011328214785575,0.011264278
2022-12-14,0.0112263373782807,0.011194802
2022-12-15,0.0123661606100427,0.011095249
2022-12-16,0.0124660793719019,0.012252852
2022-12-19,0.0125762061448758,0.012371213
2022-12-20,0.0125087312677826,0.012498748
2022-12-21,0.013002016580757,0.012447756
2022-12-22,0.0128933482309244,0.012951398
2022-12-23,0.0128918968466353,0.012840153
2022-12-27,0.0128900373751469,0.012845756
2022-12-28,0.0127339187708174,0.012849954
2022-12-29,0.0134297562273999,0.012693257
2022-12-30,0.0112815333025488,0.013407514
2023-01-03,0.0112741418634849,0.011218351
2023-01-04,0.011503258242787,0.011220322
2023-01-05,0.0111559910520121,0.011461686
2023-01-06,0.0120331228632473,0.01111061
2023-01-09,0.012029565607382,0.012004637
2023-01-10,0.0120121797231644,0.012007748
2023-01-11,0.0122406390186593,0.011998189
2023-01-12,0.0118551462009073,0.012243418
2023-01-13,0.0117748845145891,0.011848544
2023-01-17,0.0117077465888212,0.011766263
2023-01-18,0.0108331905036255,0.011695696
2023-01-19,0.0106702076301512,0.010806573
2023-01-20,0.0111308594889982,0.010634495
2023-01-23,0.0113357816777763,0.011103041
2023-01-24,0.0109904221598429,0.011307015
2023-01-25,0.0103586402449033,0.010968274
2023-01-26,0.0105033316311237,0.01033019
2023-01-27,0.010392461922359,0.010481487
2023-01-30,0.0104636345761122,0.010369567
2023-01-31,0.0102881628341848,0.010440264
2023-02-01,0.010343780653324,0.01027171
2023-02-02,0.0104778268292339,0.01033044
2023-02-03,0.0109180720576016,0.010466584
2023-02-06,0.0105966524744158,0.010913223
2023-02-07,0.0099150933084244,0.010587775
2023-02-08,0.0103696388756579,0.009896797
2023-02-09,0.0106158846972188,0.01036122
2023-02-10,0.0103229497317339,0.010608936
2023-02-13,0.0105437704665108,0.010313007
2023-02-14,0.0105407714924982,0.010540313
2023-02-15,0.010509967442602,0.010541325
2023-02-16,0.0103662918270874,0.01051342
2023-02-17,0.0101935126869358,0.010366606
2023-02-21,0.0105645053193703,0.010190498
2023-02-22,0.0102335895339976,0.010567632
2023-02-23,0.0103069501305343,0.010233265
2023-02-24,0.0105606515726488,0.01030641
2023-02-27,0.0102676051470189,0.010564295
2023-02-28,0.0102464832877895,0.010267948
2023-03-01,0.0099205267378851,0.010246622
2023-03-02,0.0094886480385065,0.0099177845
2023-03-03,0.0099003056483635,0.00947794
2023-03-06,0.0092595381224049,0.009895075
2023-03-07,0.0095616011881518,0.009245505
2023-03-08,0.0095301482523339,0.009553495
2023-03-09,0.0096567469348125,0.009525229
2023-03-10,0.009831314419889,0.009652822
2023-03-13,0.0097446599962685,0.009831504
2023-03-14,0.0105559732201667,0.009746753
2023-03-15,0.0101417319859508,0.010566406
2023-03-16,0.0110639210309261,0.01014876
2023-03-17,0.011173353674515,0.011081549
2023-03-20,0.0111410635982684,0.011193265
2023-03-21,0.0115780038972505,0.011160304
2023-03-22,0.011297422355377,0.011599962
2023-03-23,0.0113239777676196,0.011317307
2023-03-24,0.011332111814957,0.011340731
2023-03-27,0.0110990038289607,0.011346803
2023-03-28,0.0110829396086437,0.011110494
2023-03-29,0.011484116848891,0.011092773
2023-03-30,0.0114634796007921,0.011498313
2023-03-31,0.0117438872782427,0.01147607
2023-04-03,0.0112812023503377,0.011758763
2023-04-04,0.0113766881071912,0.011289778
2023-04-05,0.010799214834484,0.01138276
2023-04-06,0.0108113568098284,0.010795913
2023-04-10,0.0098005771590238,0.010802162
2023-04-11,0.009034425260528,0.0097785415
2023-04-12,0.0091173964578903,0.009000096
2023-04-13,0.0089064943160387,0.0090830065
2023-04-14,0.0087009228808096,0.008871376
2023-04-17,0.0080458233473496,0.008663105
2023-04-18,0.0074576141681228,0.0080058705
2023-04-19,0.0073487134792998,0.007416535
2023-04-20,0.0071497918766381,0.007310152
2023-04-21,0.0058353018546798,0.0071122283
2023-04-24,0.0058417477793014,0.0057915407
2023-04-25,0.0069943404147203,0.005805596
2023-04-26,0.0070787644983193,0.006977167
2023-04-27,0.008109529761621,0.007067543
2023-04-28,0.0077593337074742,0.0081154555
2023-05-01,0.0077139039884748,0.007771636
2023-05-02,0.0076118072228529,0.007731708
2023-05-03,0.0077186865603155,0.00763063
2023-05-04,0.0077750652472207,0.007737866
2023-05-05,0.0087647973645498,0.0077992207
2023-05-08,0.0087370583240499,0.008803696
2023-05-09,0.0088022332990425,0.00878058
2023-05-10,0.0088531867017759,0.008849132
2023-05-11,0.0088073482400634,0.0089009935
2023-05-12,0.0083161056336285,0.008852975
2023-05-15,0.0083335044649995,0.008357295
2023-05-16,0.0084089355898694,0.008370689
2023-05-17,0.0088259509635617,0.008445725
2023-05-18,0.0090586509838433,0.00886579
2023-05-19,0.0089503271806237,0.009098293
2023-05-22,0.0089510165593064,0.00899109
2023-05-23,0.0093232210825356,0.00898809
2023-05-24,0.0087555962049146,0.009358475
2023-05-25,0.0088717325057958,0.008780363
2023-05-26,0.0083035652757857,0.00889164
2023-05-30,0.0081282053186299,0.008313501
2023-05-31,0.008251927538688,0.008135152
2023-06-01,0.0080450223060746,0.008260666
2023-06-02,0.0083118311756821,0.008050602
2023-06-05,0.0080904716081928,0.008323456
2023-06-06,0.0072281647233922,0.008097893
2023-06-07,0.0073236070522689,0.007227396
2023-06-08,0.0072547759677126,0.007323911
2023-06-09,0.0072338535831038,0.0072554643
2023-06-12,0.0073623233808937,0.0072347536
2023-06-13,0.0073690640423459,0.0073715
2023-06-14,0.0073807874632387,0.0073796436
2023-06-15,0.0073515299479894,0.0073944326
2023-06-16,0.0072546007536122,0.0073652505
2023-06-20,0.0072667456513505,0.0072675617
2023-06-21,0.007406449291911,0.007283105
2023-06-22,0.0074043286690454,0.007425732
2023-06-23,0.0071150807688142,0.00742391
2023-06-26,0.0069477080002139,0.007136271
2023-06-27,0.0070919693734239,0.0069670016
2023-06-28,0.0066973331530135,0.007116276
2023-06-29,0.0067050248973376,0.006719272
2023-06-30,0.0067707095134455,0.0067279716
2023-07-03,0.0065958003311215,0.0067963875
2023-07-05,0.0060721439498479,0.0066207075
2023-07-06,0.0063887648819751,0.0060918005
2023-07-07,0.0064556587924178,0.006415542
2023-07-10,0.0063527193219203,0.006483498
2023-07-11,0.0063737779470411,0.0063810553
2023-07-12,0.0064964778894561,0.006404227
2023-07-13,0.0064509114992934,0.006529128
2023-07-14,0.0063711628496466,0.006482625
2023-07-17,0.0063900886329052,0.0064023486
2023-07-18,0.0060636938851734,0.006422717
2023-07-19,0.0059545096080478,0.0060954713
2023-07-20,0.0060790765650557,0.0059853145
2023-07-21,0.005884922038248,0.00611159
2023-07-24,0.0058904787917801,0.0059171617
2023-07-25,0.0054718985358635,0.0059243455
2023-07-26,0.0052792473080365,0.0055047404
2023-07-27,0.0052198914706966,0.0053120833
2023-07-28,0.0054859033699092,0.0052540754
2023-07-31,0.0054625509901886,0.005523054
2023-08-01,0.0050267097818315,0.005500988
2023-08-02,0.0060316454242607,0.005064903
2023-08-03,0.0060454067263002,0.006080714
2023-08-04,0.0058842408422825,0.006094414
2023-08-07,0.0060884928079034,0.005932135
2023-08-08,0.0061980733855192,0.006139689
2023-08-09,0.0062868773983831,0.006251717
2023-08-10,0.0060743488338154,0.006338075
2023-08-11,0.0057575299723002,0.006123854
2023-08-14,0.0059128408821016,0.005803915
2023-08-15,0.0063359129124835,0.005961809
2023-08-16,0.0062182940109782,0.0063883523
2023-08-17,0.0062870791988355,0.0062688612
2023-08-18,0.0062053486568389,0.0063401847
2023-08-21,0.0064732852163513,0.0062575513
2023-08-22,0.0063544100988638,0.0065275216
2023-08-23,0.0068783690610339,0.006406271
2023-08-24,0.0073620887929435,0.006933397
2023-08-25,0.0075245597496671,0.007422921
2023-08-28,0.0072941682010932,0.0075849216
2023-08-29,0.0080689456592543,0.0073495763
2023-08-30,0.0081243423108493,0.008131151
2023-08-31,0.0075404805548211,0.00818146
2023-09-01,0.007528362473013,0.00758813
2023-09-05,0.0074918791282895,0.0075749536
2023-09-06,0.007365529030551,0.007534785
2023-09-07,0.007343646393133,0.0074025746
2023-09-08,0.0071972347879457,0.0073796897
2023-09-11,0.0073493852439099,0.007231343
2023-09-12,0.0074584374247806,0.0073864167
2023-09-13,0.0073486706873921,0.0074942415
2023-09-14,0.0070920984668571,0.007380989
2023-09-15,0.0074288063862832,0.0071219467
2023-09-18,0.0071851491924502,0.007460105
2023-09-19,0.007213008348874,0.0072122407
2023-09-20,0.0074032069611872,0.0072393357
2023-09-21,0.0082267746884776,0.0074311006
2023-09-22,0.0077881934930263,0.008262879
2023-09-25,0.0073323569166047,0.007818736
2023-09-26,0.0077794398667169,0.0073568164
2023-09-27,0.0075903546668646,0.007810683
2023-09-28,0.0068783285814911,0.007616336
2023-09-29,0.0067412478612054,0.0068960236
2023-10-02,0.0067618106458008,0.006760382
2023-10-03,0.0071303327706257,0.0067827883
2023-10-04,0.0075293888225523,0.007154415
2023-10-05,0.0074629015364882,0.007560318
2023-10-06,0.0080578670075105,0.007494924
2023-10-09,0.008215802581502,0.008099358
2023-10-10,0.0081485705971199,0.00825818
2023-10-11,0.0081754637726176,0.008187639
2023-10-12,0.0082403308231056,0.008214216
2023-10-13,0.0079691466589794,0.008277863
2023-10-16,0.0080434135203429,0.008001066
2023-10-17,0.0080375105704182,0.0080757355
2023-10-18,0.0084959176552583,0.008067094
2023-10-19,0.0084546910543927,0.0085305795
2023-10-20,0.0081437443093394,0.008487007
2023-10-23,0.0081406335924981,0.008174039
2023-10-24,0.0082722601876048,0.008171086
2023-10-25,0.008239113295135,0.008301693
2023-10-26,0.0085690782638668,0.008266831
2023-10-27,0.0084218287386339,0.008603137
2023-10-30,0.0089553073119722,0.008451633
2023-10-31,0.0091133853107073,0.008990457
2023-11-01,0.0089506311286823,0.009148409
2023-11-02,0.0096920756754985,0.008979667
2023-11-03,0.0098647362854938,0.009728561
2023-11-06,0.0095622662888848,0.009900674
2023-11-07,0.0094896745958669,0.009591721
2023-11-08,0.0094291605757822,0.009517841
2023-11-09,0.0095525377232259,0.009454332
2023-11-10,0.0100433747245821,0.00957646
2023-11-13,0.0099648103657849,0.010073556
2023-11-14,0.0105198321601034,0.009991984
2023-11-15,0.0105149804571899,0.01055432
2023-11-16,0.0099488761813843,0.01054658
2023-11-17,0.009651736341001,0.009970512
2023-11-20,0.0090426575933458,0.009667815
2023-11-21,0.0090526060110058,0.0090475585
2023-11-22,0.0090133226251195,0.00905438
2023-11-24,0.0080783833525418,0.00901431
2023-11-27,0.0073548562390517,0.008064791
2023-11-28,0.007090769031394,0.007334618
2023-11-29,0.0069998926348093,0.007067986
2023-11-30,0.0069810516597803,0.006976371
2023-12-01,0.0068415955217929,0.006961294
2023-12-04,0.0062225657638045,0.0068237535
2023-12-05,0.0060671636302786,0.006203959
2023-12-06,0.0062136359048447,0.00605363
2023-12-07,0.0063478693807638,0.006202593
2023-12-08,0.0063544334373834,0.006343408
2023-12-11,0.0058890388692541,0.0063569746
2023-12-12,0.0051605405081618,0.0058923173
2023-12-13,0.0056423620889379,0.005163687
2023-12-14,0.0043270419927435,0.0056502004
2023-12-15,0.004356201398899,0.0043295166
2023-12-18,0.0043767971616084,0.0043670414
2023-12-19,0.0044319586590977,0.004396173
2023-12-20,0.0056998251487691,0.004458195
2023-12-21,0.0059386975009137,0.005740667
2023-12-22,0.0059230913154932,0.0059878477
2023-12-26,0.0059321994821174,0.005978516
2023-12-27,0.0058592088151058,0.0059937285
2023-12-28,0.0058678894180742,0.0059183426
2023-12-29,0.0059345137685572,0.0059257816
2024-01-02,0.0061661944337855,0.005992248
2024-01-03,0.0064479052463744,0.0062229987
2024-01-04,0.0063608796009688,0.006510821
2024-01-05,0.0063485912843063,0.0064208396
2024-01-08,0.0067969267982774,0.0064068995
2024-01-09,0.006708940545779,0.0068618343
2024-01-10,0.006744821434629,0.006769776
2024-01-11,0.006747710320853,0.0068056663
2024-01-12,0.0067145627957022,0.0068086335
2024-01-16,0.0061910468605418,0.00677024
2024-01-17,0.0063160860733025,0.0062426263
2024-01-18,0.0065859081329211,0.006364899
2024-01-19,0.0070158748318166,0.006634869
2024-01-22,0.0069340495051385,0.007066862
2024-01-23,0.0059480145790999,0.0069801365
2024-01-24,0.0056134272833357,0.0059816814
2024-01-25,0.0056820606829152,0.0056442567
2024-01-26,0.0056595332686173,0.005709736
2024-01-29,0.0058288040698998,0.005687322
2024-01-30,0.0058415154513994,0.0058609177
2024-01-31,0.0069526412499002,0.0058763707
2024-02-01,0.0072317380029159,0.0070000035
2024-02-02,0.007131923580811,0.007281279
2024-02-05,0.007122007021058,0.0071801683
2024-02-06,0.0071204477417311,0.0071720094
2024-02-07,0.0067557151694559,0.0071698097
2024-02-08,0.0067136751200531,0.0067976643
2024-02-09,0.0067155573151336,0.006753072
2024-02-12,0.0067221076952987,0.006753218
2024-02-13,0.0075857972687722,0.006760859
2024-02-14,0.0076663282259439,0.007636406
2024-02-15,0.0074794319021689,0.007716764
2024-02-16,0.0075277527746979,0.007528573
2024-02-20,0.0073614555857597,0.0075757415
2024-02-21,0.0073587243699855,0.0074063693
2024-02-22,0.0085154489222872,0.007401513
2024-02-23,0.0085196361786756,0.008569194
2024-02-26,0.0085812447967276,0.008572213
2024-02-27,0.0085646654344135,0.008634478
2024-02-28,0.0084911605999452,0.008614395
2024-02-29,0.008519119276859,0.008534478
2024-03-01,0.0075654740818344,0.008556383
2024-03-04,0.0072762350387255,0.007588085
2024-03-05,0.0074806050050158,0.0072948174
2024-03-06,0.0074600650884538,0.0075011603
2024-03-07,0.0076987719674505,0.007476676
2024-03-08,0.0077687294307287,0.007721235
2024-03-11,0.0077844791296737,0.0077947793
2024-03-12,0.0080300483045233,0.0078114257
2024-03-13,0.0080470787763803,0.008059861
2024-03-14,0.0073448177281047,0.008072913
2024-03-15,0.0073407952960108,0.0073605664
2024-03-18,0.0073574026427361,0.007357629
2024-03-19,0.0072889504659443,0.0073723225
2024-03-20,0.0072324337325884,0.0073035457
2024-03-21,0.0072307207887616,0.007247921
2024-03-22,0.0058948163096688,0.0072453776
2024-03-25,0.0059704224056704,0.005900084
2024-03-26,0.0059328372817168,0.0059764404
2024-03-27,0.006146267593757,0.0059396625
2024-03-28,0.0061030199471241,0.006158467
2024-04-01,0.0060989248502309,0.0061200093
2024-04-02,0.0061784369350108,0.006122523
2024-04-03,0.0061647594486267,0.0062066577
2024-04-04,0.0063723608352578,0.0061926725
2024-04-05,0.0067025051234015,0.0064032204
2024-04-08,0.0063549008059392,0.0067396522
2024-04-09,0.0061531213070784,0.0063886293
2024-04-10,0.0065430059886468,0.0061852103
2024-04-11,0.0062826373666513,0.0065797553
2024-04-12,0.0070654342335296,0.0063163997
2024-04-15,0.0075007053018353,0.0071103754
2024-04-16,0.0073944490912431,0.007553422
2024-04-17,0.0072994920584741,0.0074472264
2024-04-18,0.0071315804283688,0.007352034
2024-04-19,0.0068770272818494,0.007180517
2024-04-22,0.0071967441095986,0.0069199763
2024-04-23,0.0078230123760338,0.007245043
2024-04-24,0.0078232462435843,0.007875301
2024-04-25,0.0078493730807505,0.007876103
2024-04-26,0.0079560279655245,0.00790045
2024-04-29,0.0080006777039158,0.008005761
2024-04-30,0.0086119224408465,0.00804712
2024-05-01,0.0085334961517886,0.0086628385
2024-05-02,0.0088393292017431,0.008580401
2024-05-03,0.0089521376399237,0.008889368
2024-05-06,0.0089056490393295,0.00899913
2024-05-07,0.0089120047004297,0.008949284
2024-05-08,0.0089047724012104,0.0089525
2024-05-09,0.0087098098550379,0.008942001
2024-05-10,0.0085702744930255,0.008743176
2024-05-13,0.0078679265204496,0.008598278
2024-05-14,0.0073175763810261,0.00788289
2024-05-15,0.0075716684108714,0.0073240525
2024-05-16,0.0074133186284969,0.0075811786
2024-05-17,0.0073414735945471,0.007419894
2024-05-20,0.0068719867603589,0.007350815
2024-05-21,0.0067545769807618,0.0068770126
2024-05-22,0.0065265568437598,0.0067583635
2024-05-23,0.0068449657258479,0.0065286425
2024-05-24,0.0067695430907892,0.0068500005
2024-05-28,0.0065401873829352,0.0067760013
2024-05-29,0.0068360701543321,0.0065491977
2024-05-30,0.0058619110572073,0.0068494505
2024-05-31,0.0058767363426988,0.005868462
2024-06-03,0.0056770886725702,0.0058842925
2024-06-04,0.0051462982963976,0.0056859045
2024-06-05,0.0052832931153214,0.0051557226
2024-06-06,0.0052972680094787,0.0052983393
2024-06-07,0.005318470168478,0.005316773
2024-06-10,0.0052606351378712,0.0053427895
2024-06-11,0.0052689882592522,0.005289752
2024-06-12,0.0054744095770673,0.005303702
2024-06-13,0.0054321189461794,0.005515475
2024-06-14,0.0049391941825483,0.005475154
2024-06-17,0.0050798017976147,0.0049788686
2024-06-18,0.0050831499121786,0.0051239687
2024-06-20,0.0051620584457326,0.0051276553
2024-06-21,0.0051970989622674,0.0052072187
2024-06-24,0.0052114416951996,0.005246926
2024-06-25,0.0048441714808492,0.005261881
2024-06-26,0.0046959788170032,0.004894606
2024-06-27,0.0046891936208691,0.0047457926
2024-06-28,0.0044215930151314,0.004738391
2024-07-01,0.0040551182292489,0.004473092
2024-07-02,0.0039413791398383,0.0041059754
2024-07-03,0.0039890199302592,0.0039935056
2024-07-05,0.004044892214255,0.004044235
2024-07-08,0.0034358777216193,0.004100368
2024-07-09,0.0034130876362779,0.0034903567
2024-07-10,0.0037737631447095,0.0034715955
2024-07-11,0.0045062827528953,0.0038340962
2024-07-12,0.0045706594010972,0.004571328
2024-07-15,0.0043361959933226,0.004637565
2024-07-16,0.004448426681482,0.0044053793
2024-07-17,0.0056484200932326,0.004521274
2024-07-18,0.0057960721254615,0.0057283198
2024-07-19,0.0060182185801867,0.005875218
2024-07-22,0.0064058523235936,0.006099888
2024-07-23,0.0064057783690256,0.006492574
2024-07-24,0.0082829347075593,0.006489903
2024-07-25,0.0082948303452777,0.008383743
2024-07-26,0.0086678149467773,0.00839224
2024-07-29,0.0086672590683836,0.008768123
2024-07-30,0.0086892917936138,0.008766923
2024-07-31,0.0093431831638294,0.008783268
2024-08-01,0.0097345085153028,0.009435179
2024-08-02,0.010395971559257,0.009824656
2024-08-05,0.0119937803476571,0.0104885185
2024-08-06,0.0123301400466812,0.012125556
2024-08-07,0.0123431394119349,0.01246454
2024-08-08,0.0133033251645208,0.012463577
2024-08-09,0.0133207819691644,0.01346018
2024-08-12,0.0132179860582825,0.01346219
2024-08-13,0.0138233310223953,0.013338295
2024-08-14,0.0137599638112639,0.013957449
2024-08-15,0.0139861623191161,0.013875621
2024-08-16,0.0138881323555316,0.014102645
2024-08-19,0.0139347918852232,0.013985082
2024-08-20,0.0137606282790297,0.01401827
2024-08-21,0.0137799434431322,0.013826473
2024-08-22,0.0128524761189126,0.013833234
2024-08-23,0.0129484194258618,0.012856588
2024-08-26,0.0128250481579945,0.012950147
2024-08-27,0.0128245257479921,0.012816448
2024-08-28,0.0128517846010188,0.012810782
2024-08-29,0.0124264372734982,0.012837769
2024-08-30,0.0121317199627994,0.012396239
2024-09-03,0.0123810013778065,0.01209351
2024-09-04,0.0100272585065432,0.012343102
2024-09-05,0.009961494638171,0.009955382
2024-09-06,0.0106491781867173,0.009890262
2024-09-09,0.0097926244568458,0.010588003
2024-09-10,0.0097893598164576,0.009724475
2024-09-11,0.0099893745811222,0.00972876
2024-09-12,0.0094926046870738,0.009939013
2024-09-13,0.0095189294792352,0.009443729
2024-09-16,0.0089179091109759,0.009475461
2024-09-17,0.008914030391849,0.008870612
2024-09-18,0.0086996196306136,0.008874397
2024-09-19,0.0094155526517535,0.008664696
2024-09-20,0.0094053924905162,0.009390381
2024-09-23,0.0091481993027913,0.009390697
2024-09-24,0.0088548614012611,0.009134312
2024-09-25,0.0088302038281947,0.008842661
2024-09-26,0.008855949719742,0.008824591
2024-09-27,0.0087282268016803,0.0088506
2024-09-30,0.0087469140010701,0.008722988
2024-10-01,0.0088166411216958,0.008748713
2024-10-02,0.0072589305819892,0.008821377
2024-10-03,0.0072606565012512,0.0072533647
2024-10-04,0.0073540837175772,0.0072544687
2024-10-07,0.0064645164229159,0.0073503717
2024-10-08,0.0063453996060537,0.006455157
2024-10-09,0.0064140354445638,0.006337582
2024-10-10,0.0062062818692406,0.0064089047
2024-10-11,0.0061495857273322,0.0062041087
2024-10-14,0.0062353927473124,0.0061497237
2024-10-15,0.0065768559611536,0.0062415907
2024-10-16,0.0066051162342986,0.0065922206
2024-10-17,0.0065360294853338,0.006624558
2024-10-18,0.0055972205828316,0.006553868
2024-10-21,0.0055939080378224,0.005611835
2024-10-22,0.0055940467455171,0.005609127
2024-10-23,0.0060162903065873,0.0056116357
2024-10-24,0.0060000254017893,0.006041397
2024-10-25,0.0059549261781544,0.0060296357
2024-10-28,0.0059577690913495,0.005989335
2024-10-29,0.0059075376341206,0.005996181
2024-10-30,0.0055334726017455,0.0059459102
2024-10-31,0.0070043057836043,0.005572954
2024-11-01,0.0070493413620189,0.007059514
2024-11-04,0.006786473758041,0.00710703
2024-11-05,0.0069577409413825,0.006843113
2024-11-06,0.0085614951831044,0.007016123
2024-11-07,0.0085721535049192,0.008633767
2024-11-08,0.0085461133372187,0.008642725
2024-11-11,0.0084902593638109,0.008613901
2024-11-12,0.0084189277173511,0.008555737
2024-11-13,0.0081872123323606,0.00848057
2024-11-14,0.0083055187538772,0.008237376
2024-11-15,0.0088619490246236,0.008352503
2024-11-18,0.0088608311818608,0.008917696
2024-11-19,0.0088834234908475,0.008914094
2024-11-20,0.0088813309736184,0.008934981
2024-11-21,0.0086459198919779,0.00892876
2024-11-22,0.0086576892362158,0.008685829
2024-11-25,0.0086574931791864,0.008691565
2024-11-26,0.008704281607633,0.00868975
2024-11-27,0.0087836964263871,0.00873345
2024-11-29,0.0087632362808674,0.008811519
2024-12-02,0.0073913317508101,0.008784242
2024-12-03,0.0074015360854358,0.007394814
2024-12-04,0.00732951544141,0.00740407
2024-12-05,0.0070879714333555,0.007329231
2024-12-06,0.0048398471502088,0.007081091
2024-12-09,0.0048864787041162,0.004817649
2024-12-10,0.0048920347315509,0.0048670736
2024-12-11,0.0051813699699389,0.0048766294
2024-12-12,0.0052962803793187,0.005170528
2024-12-13,0.0052973137824838,0.005295891
2024-12-16,0.0051181347464461,0.005308206
2024-12-17,0.0041192553039608,0.0051333243
2024-12-18,0.0079468976660948,0.004130159
2024-12-19,0.0078910801205713,0.007992766
2024-12-20,0.00826259106714,0.007941233
2024-12-23,0.0083341275191182,0.008321806
2024-12-24,0.0086372392465399,0.008400868
2024-12-26,0.0086208649647207,0.008708366
2024-12-27,0.008880685281058,0.008682257
2024-12-30,0.0091397183369121,0.008941995
2024-12-31,0.0090517447975911,0.009206604
2025-01-02,0.0090148722789151,0.009122599
2025-01-03,0.0095114587114249,0.009079189
2025-01-06,0.0094936173472589,0.009577411
2025-01-07,0.0097553330578618,0.009560747
2025-01-08,0.0097392110192226,0.009824541
2025-01-10,0.0101748423456339,0.0098041855
2025-01-13,0.010197257809913,0.01024141
2025-01-14,0.00997560157801,0.010250917
2025-01-15,0.0108500879064796,0.010020821
2025-01-16,0.0108521736889131,0.010895386
2025-01-17,0.0110660728034477,0.0108957365
2025-01-21,0.0112210016074763,0.011104715
2025-01-22,0.0089396297403305,0.011248527
2025-01-23,0.0089521728302503,0.008937258
2025-01-24,0.0087747072124963,0.008942807
2025-01-27,0.0093252264008732,0.00875992
2025-01-28,0.0092296302552986,0.009311966
2025-01-29,0.0092912378860165,0.009225585
2025-01-30,0.008992809518179,0.0092879785
2025-01-31,0.0087081805019858,0.008991174
2025-02-03,0.0088406256990622,0.008701253
2025-02-04,0.0089126237694161,0.00883324
2025-02-05,0.0085645731742409,0.008907626
2025-02-06,0.0085239684037158,0.008558248
2025-02-07,0.0084141456374168,0.008515904
2025-02-10,0.0085072088859923,0.008407604
2025-02-11,0.0076057824818865,0.008499513
2025-02-12,0.0076735697220982,0.007591797
2025-02-13,0.0078993466343697,0.0076656523
2025-02-14,0.0070066768911486,0.007895976
2025-02-18,0.0069660624559049,0.006995904
2025-02-19,0.0066991130522312,0.006957232
2025-02-20,0.0065663169805748,0.0066929255
2025-02-21,0.0074837753871375,0.0065666437
2025-02-24,0.0074161386464073,0.007497569
2025-02-25,0.0074489771456199,0.0074338634
2025-02-26,0.0067740416948803,0.0074701835
2025-02-27,0.0071993612999559,0.0067916606
2025-02-28,0.0080913715755257,0.007217484
2025-03-03,0.0087769101178091,0.008122397
2025-03-04,0.0090511446652646,0.0088151945
2025-03-05,0.0093962943435624,0.009096189
2025-03-06,0.0098628088714939,0.009449652
2025-03-07,0.0099202798081068,0.009920526
2025-03-10,0.0112063837311241,0.009973981
2025-03-11,0.0111655198702493,0.011273225
2025-03-12,0.011087581053674,0.011230627
2025-03-13,0.0112586183872731,0.011152505
2025-03-14,0.0125646873960638,0.011319415
2025-03-17,0.012375827112215,0.01265783
2025-03-18,0.0124436622878526,0.012452582
2025-03-19,0.0127875551348945,0.01251373
2025-03-20,0.0127183640219057,0.012866587
2025-03-21,0.0127589612742835,0.01278643
2025-03-24,0.0131543104515337,0.01281448
2025-03-25,0.013157429224584,0.01322008
2025-03-26,0.013308561941655,0.013217397
2025-03-27,0.013302366079158,0.013365263
2025-03-28,0.0135333458861319,0.013350758
2025-03-31,0.013025857911561,0.013584157
2025-04-01,0.0126332158277423,0.0130446125
2025-04-02,0.0125230061112176,0.012631401
2025-04-03,0.016109609023053,0.012512505
2025-04-04,0.0203003960115155,0.016243996
2025-04-07,0.0201524886939365,0.020553311
2025-04-08,0.0197008809933656,0.020396989
2025-04-09,0.0288309799453092,0.019937063
2025-04-10,0.0297362775839964,0.029449651
2025-04-11,0.0299563095019271,0.03047157
2025-04-14,0.02959972681052,0.030667456
2025-04-15,0.0295374092704671,0.030253367
2025-04-16,0.0298194521627633,0.030165302
2025-04-17,0.0296735052361934,0.030451074
2025-04-21,0.0300034360820402,0.030245535
2025-04-22,0.0306632104304359,0.030592248
2025-04-23,0.0306310891039425,0.031347852
2025-04-24,0.0310423951675324,0.031302597
2025-04-25,0.0310450914540472,0.03175349
2025-04-28,0.0310460770213865,0.03171783
2025-04-29,0.0307844174748972,0.03167837
2025-04-30,0.0307596479446205,0.031351995
2025-05-01,0.0307813519219406,0.031286765
2025-05-02,0.0309188339591082,0.031237619
2025-05-05,0.0288092569356581,0.03133124
2025-05-06,0.0249892489734788,0.028891506
2025-05-07,0.0249369709745873,0.02489205
2025-05-08,0.0244730524380223,0.02480552
2025-05-09,0.0148921465693668,0.024286771
2025-05-12,0.0137334936496927,0.014529996
2025-05-13,0.0134224123615058,0.013356112
2025-05-14,0.0134172712778274,0.013062811
2025-05-15,0.0133506590635529,0.013065468
2025-05-16,0.0118283648641506,0.013034445
2025-05-19,0.011837274202666,0.011537824
2025-05-20,0.0099981696135578,0.011592448
2025-05-21,0.0102968252817034,0.009749966
2025-05-22,0.0099893715216406,0.010062484
2025-05-23,0.0095309111591854,0.009782938
2025-05-27,0.0102365696492804,0.0093486095
2025-05-28,0.0104062198068585,0.010082101
2025-05-29,0.0103896381557519,0.010284484
2025-05-30,0.0104060030369288,0.010281979
2025-06-02,0.0103808156286666,0.0103244055
2025-06-03,0.0100489799878883,0.0103272125
2025-06-04,0.0098656906437579,0.010009397
2025-06-05,0.0097517571081973,0.009842207
2025-06-06,0.0098837660451162,0.0097339945
2025-06-09,0.0098728339896738,0.009883163
2025-06-10,0.0098552800486214,0.009896559
2025-06-11,0.0073504381092195,0.00987895
2025-06-12,0.0072531404921101,0.007349524
2025-06-13,0.0077596813864651,0.0072501265
2025-06-16,0.0079569831730566,0.0077606547
2025-06-17,0.0080780533968761,0.007949671
2025-06-18,0.0080771929419092,0.008076374
2025-06-20,0.0080431780652347,0.008083805
2025-06-23,0.0073402272786208,0.008052729
2025-06-24,0.0076160005529848,0.007339824
2025-06-25,0.0073679803348112,0.007615679
2025-06-26,0.0062811571127426,0.0073680123
2025-06-27,0.0060909323507919,0.00627038
2025-06-30,0.0061125948561426,0.0060808766
2025-07-01,0.0061369740012002,0.0061049582
2025-07-02,0.0061481591759777,0.0061318623
2025-07-03,0.006243794480358,0.006150561
2025-07-07,0.0066229230156393,0.0062575294
2025-07-08,0.0064430784368595,0.0066461912
2025-07-09,0.0062453955660517,0.0064670066
2025-07-10,0.0062416819044959,0.0062688366
2025-07-11,0.0063002454857061,0.0062690713
2025-07-14,0.0062179270960193,0.006335231
2025-07-15,0.0063294148429701,0.006251319
2025-07-16,0.0056012703878665,0.0063661793
2025-07-17,0.0054122659979921,0.0056317355
2025-07-18,0.0048906224858203,0.0054424386
2025-07-21,0.0048567687110831,0.0049147764
2025-07-22,0.0047583788309132,0.0048834425
2025-07-23,0.0046436783698001,0.00478871
2025-07-24,0.004228017236655,0.004677291
2025-07-25,0.0042192435881393,0.0042626
2025-07-28,0.0040293084459697,0.0042593693
2025-07-29,0.0040872359938482,0.0040698065
2025-07-30,0.0040398936682402,0.0041308315
2025-07-31,0.0041516833738166,0.0040873312
2025-08-01,0.0055059300025449,0.004201514
2025-08-04,0.0061173446094727,0.0055662896
2025-08-05,0.0059460102859839,0.0061834715
2025-08-06,0.0061148049246268,0.0060130577
2025-08-07,0.0060087003216322,0.0061870995
2025-08-08,0.0061963670330895,0.0060793124
2025-08-11,0.0061722852075218,0.006265396
2025-08-12,0.0065789985730681,0.00623938
2025-08-13,0.0064761217227961,0.0066484627
2025-08-14,0.0064728960550725,0.006546875
2025-08-15,0.0064796975310545,0.0065416023
2025-08-18,0.0064797954265591,0.0065470897
2025-08-19,0.0066571841691512,0.006546297
2025-08-20,0.0066944032588513,0.0067227334
2025-08-21,0.0065591803814913,0.0067578536
2025-08-22,0.0073310386361248,0.0066197207
2025-08-25,0.007371793689117,0.0073940535
2025-08-26,0.0074166744910704,0.0074333344
2025-08-27,0.0073812464546359,0.007474438
2025-08-28,0.0073820458986574,0.0074366885
2025-08-29,0.0074920920770441,0.007432929
2025-09-02,0.0066725902933094,0.007536889
2025-09-03,0.0060145263530535,0.006704198
2025-09-04,0.0060718209621043,0.006037906
2025-09-05,0.006004366682293,0.0060949237
2025-09-08,0.0059939869515464,0.0060260985
2025-09-09,0.0058132480115488,0.0060170963
2025-09-10,0.0057751894924963,0.0058386475
2025-09-11,0.0055562253425109,0.0058012027
2025-09-12,0.0055420698499982,0.0055825263
2025-09-15,0.0056025983948146,0.0055680242
2025-09-16,0.0055563317241047,0.005630641
2025-09-17,0.005569310278509,0.0055869888
2025-09-18,0.0053839340950129,0.0056013996
2025-09-19,0.0053454236786518,0.0054158852
2025-09-22,0.0051884897727696,0.0053789183
2025-09-23,0.0045751961344088,0.0052200262
2025-09-24,0.0044970459613116,0.0046064425
2025-09-25,0.0046644943390056,0.0045304312
2025-09-26,0.004777136744627,0.004701588
2025-09-29,0.0047677365773636,0.004817237
2025-09-30,0.0044756332566461,0.00481218
2025-10-01,0.00402874570821,0.0045239003
2025-10-02,0.0039833661396995,0.004078913
2025-10-03,0.0037208735231446,0.0040342296
2025-10-06,0.0035840902321833,0.0037718676
2025-10-07,0.0037913212394025,0.003637043
2025-10-08,0.0038966790812519,0.0038472076
2025-10-09,0.004004504927195,0.003954872
2025-10-10,0.0072390588416417,0.0040663127
2025-10-13,0.0080105569451269,0.007328743
2025-10-14,0.0079632303484253,0.00811125
2025-10-15,0.007997466803147,0.008064599
2025-10-16,0.0081292277050192,0.008099806
2025-10-17,0.0081433598841271,0.008228428
2025-10-20,0.0083994700621069,0.008231859
2025-10-21,0.0083520819812331,0.008483559
2025-10-22,0.008346398818098,0.008434294
2025-10-23,0.0083966170351414,0.008427501
2025-10-24,0.0084274651502672,0.008470726
2025-10-27,0.0087071429952266,0.008495828
2025-10-28,0.0087054778179492,0.00877673
2025-10-29,0.0086935385783559,0.008769951
2025-10-30,0.0090235326455539,0.008756603
2025-10-31,0.0090322304925913,0.009085337
2025-11-03,0.0090320090029276,0.009085052
2025-11-04,0.0094229827903732,0.009078987
2025-11-05,0.0094037880639749,0.009468585
2025-11-06,0.0096618259399512,0.009443191
2025-11-07,0.0096491510185298,0.009697963
2025-11-10,0.0079276229528568,0.009672042
2025-11-11,0.0073024476230279,0.007926397
2025-11-12,0.0072742292508123,0.0072919293
2025-11-13,0.008248818836554,0.0072613433
2025-11-14,0.0081060103449975,0.008246796
2025-11-17,0.0083154368741031,0.008110567
2025-11-18,0.0081370106567631,0.008325634
2025-11-19,0.0081970773049619,0.00815145
2025-11-20,0.0087822556978802,0.008211032
2025-11-21,0.0089798855517917,0.008800297
2025-11-24,0.0094820695602931,0.009001747
2025-11-25,0.0092897016121812,0.009511193
2025-11-26,0.0094184205151401,0.0093164025
2025-11-28,0.0095056030450519,0.009445394
